timestamp,action,stock_code,price,quantity,order_no,available_cash,holding_qty,note
2026-06-22 07:32:41,SKIP,,0,0,,0,0,매매 시간 외 (07:32:41)
2026-06-22 07:33:11,SKIP,,0,0,,0,0,매매 시간 외 (07:33:11)
2026-06-22 07:33:41,SKIP,,0,0,,0,0,매매 시간 외 (07:33:41)
2026-06-22 07:34:11,SKIP,,0,0,,0,0,매매 시간 외 (07:34:11)
2026-06-22 07:34:41,SKIP,,0,0,,0,0,매매 시간 외 (07:34:41)
2026-06-22 07:35:11,SKIP,,0,0,,0,0,매매 시간 외 (07:35:11)
2026-06-22 07:35:41,SKIP,,0,0,,0,0,매매 시간 외 (07:35:41)
2026-06-22 07:36:11,SKIP,,0,0,,0,0,매매 시간 외 (07:36:11)
2026-06-22 07:36:41,SKIP,,0,0,,0,0,매매 시간 외 (07:36:41)
2026-06-22 07:37:11,SKIP,,0,0,,0,0,매매 시간 외 (07:37:11)
2026-06-22 07:37:41,SKIP,,0,0,,0,0,매매 시간 외 (07:37:41)
2026-06-22 07:38:11,SKIP,,0,0,,0,0,매매 시간 외 (07:38:11)
2026-06-22 07:38:41,SKIP,,0,0,,0,0,매매 시간 외 (07:38:41)
2026-06-22 07:39:11,SKIP,,0,0,,0,0,매매 시간 외 (07:39:11)
2026-06-22 07:39:41,SKIP,,0,0,,0,0,매매 시간 외 (07:39:41)
2026-06-22 07:40:11,SKIP,,0,0,,0,0,매매 시간 외 (07:40:11)
2026-06-22 07:40:41,SKIP,,0,0,,0,0,매매 시간 외 (07:40:41)
2026-06-22 07:41:11,SKIP,,0,0,,0,0,매매 시간 외 (07:41:11)
2026-06-22 07:41:41,SKIP,,0,0,,0,0,매매 시간 외 (07:41:41)
2026-06-22 07:42:11,SKIP,,0,0,,0,0,매매 시간 외 (07:42:11)
2026-06-22 07:42:41,SKIP,,0,0,,0,0,매매 시간 외 (07:42:41)
2026-06-22 07:43:11,SKIP,,0,0,,0,0,매매 시간 외 (07:43:11)
2026-06-22 07:43:41,SKIP,,0,0,,0,0,매매 시간 외 (07:43:41)
2026-06-22 07:44:11,SKIP,,0,0,,0,0,매매 시간 외 (07:44:11)
2026-06-22 07:44:41,SKIP,,0,0,,0,0,매매 시간 외 (07:44:41)
2026-06-22 07:45:11,SKIP,,0,0,,0,0,매매 시간 외 (07:45:11)
2026-06-22 07:45:41,SKIP,,0,0,,0,0,매매 시간 외 (07:45:41)
2026-06-22 07:46:11,SKIP,,0,0,,0,0,매매 시간 외 (07:46:11)
2026-06-22 07:46:41,SKIP,,0,0,,0,0,매매 시간 외 (07:46:41)
2026-06-22 07:47:11,SKIP,,0,0,,0,0,매매 시간 외 (07:47:11)
2026-06-22 07:47:41,SKIP,,0,0,,0,0,매매 시간 외 (07:47:41)
2026-06-22 07:48:11,SKIP,,0,0,,0,0,매매 시간 외 (07:48:11)
2026-06-22 07:48:41,SKIP,,0,0,,0,0,매매 시간 외 (07:48:41)
2026-06-22 07:49:11,SKIP,,0,0,,0,0,매매 시간 외 (07:49:11)
2026-06-22 07:49:41,SKIP,,0,0,,0,0,매매 시간 외 (07:49:41)
2026-06-22 07:50:11,SKIP,,0,0,,0,0,매매 시간 외 (07:50:11)
2026-06-22 07:50:41,SKIP,,0,0,,0,0,매매 시간 외 (07:50:41)
2026-06-22 07:51:11,SKIP,,0,0,,0,0,매매 시간 외 (07:51:11)
2026-06-22 07:51:41,SKIP,,0,0,,0,0,매매 시간 외 (07:51:41)
2026-06-22 07:52:11,SKIP,,0,0,,0,0,매매 시간 외 (07:52:11)
2026-06-22 07:52:41,SKIP,,0,0,,0,0,매매 시간 외 (07:52:41)
2026-06-22 07:53:11,SKIP,,0,0,,0,0,매매 시간 외 (07:53:11)
2026-06-22 07:53:41,SKIP,,0,0,,0,0,매매 시간 외 (07:53:41)
2026-06-22 07:54:11,SKIP,,0,0,,0,0,매매 시간 외 (07:54:11)
2026-06-22 07:54:41,SKIP,,0,0,,0,0,매매 시간 외 (07:54:41)
2026-06-22 07:55:11,SKIP,,0,0,,0,0,매매 시간 외 (07:55:11)
2026-06-22 07:55:41,SKIP,,0,0,,0,0,매매 시간 외 (07:55:41)
2026-06-22 07:56:11,SKIP,,0,0,,0,0,매매 시간 외 (07:56:11)
2026-06-22 07:56:41,SKIP,,0,0,,0,0,매매 시간 외 (07:56:41)
2026-06-22 07:57:11,SKIP,,0,0,,0,0,매매 시간 외 (07:57:11)
2026-06-22 07:57:41,SKIP,,0,0,,0,0,매매 시간 외 (07:57:41)
2026-06-22 07:58:11,SKIP,,0,0,,0,0,매매 시간 외 (07:58:11)
2026-06-22 07:58:41,SKIP,,0,0,,0,0,매매 시간 외 (07:58:41)
2026-06-22 07:59:11,SKIP,,0,0,,0,0,매매 시간 외 (07:59:11)
2026-06-22 07:59:41,SKIP,,0,0,,0,0,매매 시간 외 (07:59:41)
2026-06-22 08:00:11,SKIP,,0,0,,0,0,매매 시간 외 (08:00:11)
2026-06-22 08:00:41,SKIP,,0,0,,0,0,매매 시간 외 (08:00:41)
2026-06-22 08:01:11,SKIP,,0,0,,0,0,매매 시간 외 (08:01:11)
2026-06-22 08:01:41,SKIP,,0,0,,0,0,매매 시간 외 (08:01:41)
2026-06-22 08:02:11,SKIP,,0,0,,0,0,매매 시간 외 (08:02:11)
2026-06-22 08:02:41,SKIP,,0,0,,0,0,매매 시간 외 (08:02:41)
2026-06-22 08:03:11,SKIP,,0,0,,0,0,매매 시간 외 (08:03:11)
2026-06-22 08:03:41,SKIP,,0,0,,0,0,매매 시간 외 (08:03:41)
2026-06-22 08:04:11,SKIP,,0,0,,0,0,매매 시간 외 (08:04:11)
2026-06-22 08:04:41,SKIP,,0,0,,0,0,매매 시간 외 (08:04:41)
2026-06-22 08:05:11,SKIP,,0,0,,0,0,매매 시간 외 (08:05:11)
2026-06-22 08:05:41,SKIP,,0,0,,0,0,매매 시간 외 (08:05:41)
2026-06-22 08:06:11,SKIP,,0,0,,0,0,매매 시간 외 (08:06:11)
2026-06-22 08:06:41,SKIP,,0,0,,0,0,매매 시간 외 (08:06:41)
2026-06-22 08:07:11,SKIP,,0,0,,0,0,매매 시간 외 (08:07:11)
2026-06-22 08:07:41,SKIP,,0,0,,0,0,매매 시간 외 (08:07:41)
2026-06-22 08:08:11,SKIP,,0,0,,0,0,매매 시간 외 (08:08:11)
2026-06-22 08:08:41,SKIP,,0,0,,0,0,매매 시간 외 (08:08:41)
2026-06-22 08:09:11,SKIP,,0,0,,0,0,매매 시간 외 (08:09:11)
2026-06-22 08:09:41,SKIP,,0,0,,0,0,매매 시간 외 (08:09:41)
2026-06-22 08:10:11,SKIP,,0,0,,0,0,매매 시간 외 (08:10:11)
2026-06-22 08:10:41,SKIP,,0,0,,0,0,매매 시간 외 (08:10:41)
2026-06-22 08:11:11,SKIP,,0,0,,0,0,매매 시간 외 (08:11:11)
2026-06-22 08:11:41,SKIP,,0,0,,0,0,매매 시간 외 (08:11:41)
2026-06-22 08:12:11,SKIP,,0,0,,0,0,매매 시간 외 (08:12:11)
2026-06-22 08:12:41,SKIP,,0,0,,0,0,매매 시간 외 (08:12:41)
2026-06-22 08:13:11,SKIP,,0,0,,0,0,매매 시간 외 (08:13:11)
2026-06-22 08:13:41,SKIP,,0,0,,0,0,매매 시간 외 (08:13:41)
2026-06-22 08:14:11,SKIP,,0,0,,0,0,매매 시간 외 (08:14:11)
2026-06-22 08:14:41,SKIP,,0,0,,0,0,매매 시간 외 (08:14:41)
2026-06-22 08:15:11,SKIP,,0,0,,0,0,매매 시간 외 (08:15:11)
2026-06-22 08:15:42,SKIP,,0,0,,0,0,매매 시간 외 (08:15:42)
2026-06-22 08:16:53,SKIP,,0,0,,0,0,매매 시간 외 (08:16:53)
2026-06-22 08:17:23,SKIP,,0,0,,0,0,매매 시간 외 (08:17:23)
2026-06-22 08:17:53,SKIP,,0,0,,0,0,매매 시간 외 (08:17:53)
2026-06-22 08:18:23,SKIP,,0,0,,0,0,매매 시간 외 (08:18:23)
2026-06-22 08:18:53,SKIP,,0,0,,0,0,매매 시간 외 (08:18:53)
2026-06-22 08:19:23,SKIP,,0,0,,0,0,매매 시간 외 (08:19:23)
2026-06-22 08:19:53,SKIP,,0,0,,0,0,매매 시간 외 (08:19:53)
2026-06-22 08:20:23,SKIP,,0,0,,0,0,매매 시간 외 (08:20:23)
2026-06-22 08:20:53,SKIP,,0,0,,0,0,매매 시간 외 (08:20:53)
2026-06-22 08:21:23,SKIP,,0,0,,0,0,매매 시간 외 (08:21:23)
2026-06-22 08:21:53,SKIP,,0,0,,0,0,매매 시간 외 (08:21:53)
2026-06-22 08:22:23,SKIP,,0,0,,0,0,매매 시간 외 (08:22:23)
2026-06-22 08:22:53,SKIP,,0,0,,0,0,매매 시간 외 (08:22:53)
2026-06-22 08:23:23,SKIP,,0,0,,0,0,매매 시간 외 (08:23:23)
2026-06-22 08:23:53,SKIP,,0,0,,0,0,매매 시간 외 (08:23:53)
2026-06-22 08:24:23,SKIP,,0,0,,0,0,매매 시간 외 (08:24:23)
2026-06-22 08:24:53,SKIP,,0,0,,0,0,매매 시간 외 (08:24:53)
2026-06-22 08:25:23,SKIP,,0,0,,0,0,매매 시간 외 (08:25:23)
2026-06-22 08:25:53,SKIP,,0,0,,0,0,매매 시간 외 (08:25:53)
2026-06-22 08:26:23,SKIP,,0,0,,0,0,매매 시간 외 (08:26:23)
2026-06-22 08:26:53,SKIP,,0,0,,0,0,매매 시간 외 (08:26:53)
2026-06-22 08:27:23,SKIP,,0,0,,0,0,매매 시간 외 (08:27:23)
2026-06-22 08:27:53,SKIP,,0,0,,0,0,매매 시간 외 (08:27:53)
2026-06-22 08:28:23,SKIP,,0,0,,0,0,매매 시간 외 (08:28:23)
2026-06-22 08:28:53,SKIP,,0,0,,0,0,매매 시간 외 (08:28:53)
2026-06-22 08:33:24,SKIP,,0,0,,0,0,매매 시간 외 (08:33:24)
2026-06-22 10:34:27,BALANCE_CHECK,005930,357000,0,,10000000,0,주문 전 | 전략=HOLD | 조건 미충족
2026-06-22 10:34:27,HOLD,005930,357000,0,,0,0,조건 미충족
2026-06-22 10:34:27,SELL_SKIP,005930,0,0,,0,0,보유수량 0
2026-06-22 11:17:32,BALANCE_CHECK,005930,357000,0,,10000000,0,주문 후 확인 | 체결 미확인 (지정가 미체결 가능)
2026-06-22 11:17:34,BALANCE_CHECK,000660,2902000,0,,10000000,0,주문 전 | 전략=HOLD | 조건 미충족
2026-06-22 11:17:34,HOLD,000660,2902000,0,,0,0,조건 미충족
2026-06-22 11:17:34,SELL_SKIP,000660,0,0,,0,0,보유수량 0
2026-06-22 11:17:40,BALANCE_CHECK,000660,2902000,0,,10000000,0,주문 후 확인 | 체결 미확인 (지정가 미체결 가능)
2026-06-22 11:18:16,BALANCE_CHECK,005930,356750,0,,10000000,0,주문 전 | 전략=HOLD | 조건 미충족
2026-06-22 11:18:16,HOLD,005930,356750,0,,0,0,조건 미충족
2026-06-22 11:18:16,SELL_SKIP,005930,0,0,,0,0,보유수량 0
2026-06-22 11:18:24,BALANCE_CHECK,005930,356750,0,,10000000,0,주문 후 확인 | 체결 미확인 (지정가 미체결 가능)
2026-06-22 11:18:27,BALANCE_CHECK,000660,2895000,0,,10000000,0,주문 전 | 전략=HOLD | 조건 미충족
2026-06-22 11:18:27,HOLD,000660,2895000,0,,0,0,조건 미충족
2026-06-22 11:18:27,SELL_SKIP,000660,0,0,,0,0,보유수량 0
2026-06-22 11:18:31,BALANCE_CHECK,000660,2895000,0,,10000000,0,주문 후 확인 | 체결 미확인 (지정가 미체결 가능)
2026-06-22 11:19:09,BALANCE_CHECK,005930,357000,0,,10000000,0,주문 전 | 전략=HOLD | 조건 미충족
2026-06-22 11:19:09,HOLD,005930,357000,0,,0,0,조건 미충족
2026-06-22 11:19:09,SELL_SKIP,005930,0,0,,0,0,보유수량 0
2026-06-22 11:19:16,BALANCE_CHECK,005930,357000,0,,10000000,0,주문 후 확인 | 체결 미확인 (지정가 미체결 가능)
2026-06-22 11:19:19,BALANCE_CHECK,000660,2900000,0,,10000000,0,주문 전 | 전략=HOLD | 조건 미충족
2026-06-22 11:19:19,HOLD,000660,2900000,0,,0,0,조건 미충족
2026-06-22 11:19:19,SELL_SKIP,000660,0,0,,0,0,보유수량 0
2026-06-22 11:19:26,BALANCE_CHECK,000660,2900000,0,,10000000,0,주문 후 확인 | 체결 미확인 (지정가 미체결 가능)
2026-06-22 11:54:45,BALANCE_CHECK,005930,357000,0,,10000000,0,주문 전 | 전략=HOLD | 조건 미충족
2026-06-22 11:54:45,HOLD,005930,357000,0,,0,0,조건 미충족
2026-06-22 11:54:45,SELL_SKIP,005930,0,0,,0,0,보유수량 0
2026-06-22 11:54:48,BALANCE_CHECK,005930,357000,0,,10000000,0,주문 후 확인 | 체결 미확인 (지정가 미체결 가능)
2026-06-22 12:09:15,BALANCE_CHECK,000660,2905000,0,,10000000,0,주문 전 | 전략=HOLD | 조건 미충족
2026-06-22 12:09:15,HOLD,000660,2905000,0,,0,0,조건 미충족
2026-06-22 12:09:15,SELL_SKIP,000660,0,0,,0,0,보유수량 0
2026-06-22 12:09:19,BALANCE_CHECK,000660,2905000,0,,10000000,0,주문 후 확인 | 체결 미확인 (지정가 미체결 가능)
2026-06-22 12:19:31,BALANCE_CHECK,005930,358000,0,,10000000,0,주문 전 | 전략=HOLD | 조건 미충족
2026-06-22 12:19:31,HOLD,005930,358000,0,,0,0,조건 미충족
2026-06-22 12:19:31,SELL_SKIP,005930,0,0,,0,0,보유수량 0
2026-06-22 12:59:56,BALANCE_CHECK,005930,358000,0,,10000000,0,주문 후 확인 | 체결 미확인 (지정가 미체결 가능)
2026-06-22 13:08:38,BALANCE_CHECK,000660,2919000,0,,10000000,0,주문 전 | 전략=HOLD | 조건 미충족
2026-06-22 13:08:38,HOLD,000660,2919000,0,,0,0,조건 미충족
2026-06-22 13:08:38,SELL_SKIP,000660,0,0,,0,0,보유수량 0
2026-06-22 13:08:42,BALANCE_CHECK,000660,2919000,0,,10000000,0,주문 후 확인 | 체결 미확인 (지정가 미체결 가능)
2026-06-22 13:09:16,BALANCE_CHECK,005930,356000,0,,10000000,0,주문 전 | 전략=HOLD | 조건 미충족
2026-06-22 13:09:16,HOLD,005930,356000,0,,0,0,조건 미충족
2026-06-22 13:09:16,SELL_SKIP,005930,0,0,,0,0,보유수량 0
2026-06-22 13:09:20,BALANCE_CHECK,005930,356000,0,,10000000,0,주문 후 확인 | 체결 미확인 (지정가 미체결 가능)
2026-06-22 13:09:31,BALANCE_CHECK,000660,2913000,0,,10000000,0,주문 전 | 전략=HOLD | 조건 미충족
2026-06-22 13:09:31,HOLD,000660,2913000,0,,0,0,조건 미충족
2026-06-22 13:09:31,SELL_SKIP,000660,0,0,,0,0,보유수량 0
2026-06-22 13:09:39,BALANCE_CHECK,000660,2913000,0,,10000000,0,주문 후 확인 | 체결 미확인 (지정가 미체결 가능)
2026-06-22 13:10:11,BALANCE_CHECK,005930,355750,0,,10000000,0,주문 전 | 전략=HOLD | 조건 미충족
2026-06-22 13:10:11,HOLD,005930,355750,0,,0,0,조건 미충족
2026-06-22 13:10:11,SELL_SKIP,005930,0,0,,0,0,보유수량 0
2026-06-22 13:10:22,BALANCE_CHECK,005930,355750,0,,10000000,0,주문 후 확인 | 체결 미확인 (지정가 미체결 가능)
2026-06-22 13:10:33,BALANCE_CHECK,000660,2916000,0,,10000000,0,주문 전 | 전략=HOLD | 조건 미충족
2026-06-22 13:10:33,HOLD,000660,2916000,0,,0,0,조건 미충족
2026-06-22 13:10:33,SELL_SKIP,000660,0,0,,0,0,보유수량 0
2026-06-22 13:10:43,BALANCE_CHECK,000660,2916000,0,,10000000,0,주문 후 확인 | 체결 미확인 (지정가 미체결 가능)
2026-06-22 13:11:16,BALANCE_CHECK,005930,355500,0,,10000000,0,주문 전 | 전략=HOLD | 조건 미충족
2026-06-22 13:11:16,HOLD,005930,355500,0,,0,0,조건 미충족
2026-06-22 13:11:16,SELL_SKIP,005930,0,0,,0,0,보유수량 0
2026-06-22 13:11:25,BALANCE_CHECK,005930,355500,0,,10000000,0,주문 후 확인 | 체결 미확인 (지정가 미체결 가능)
2026-06-22 13:11:30,BALANCE_CHECK,000660,2906000,0,,10000000,0,주문 전 | 전략=HOLD | 조건 미충족
2026-06-22 13:11:30,HOLD,000660,2906000,0,,0,0,조건 미충족
2026-06-22 13:11:30,SELL_SKIP,000660,0,0,,0,0,보유수량 0
2026-06-22 13:11:33,BALANCE_CHECK,000660,2906000,0,,10000000,0,주문 후 확인 | 체결 미확인 (지정가 미체결 가능)
2026-06-22 13:12:11,BALANCE_CHECK,005930,354250,0,,10000000,0,주문 전 | 전략=HOLD | 조건 미충족
2026-06-22 13:12:11,HOLD,005930,354250,0,,0,0,조건 미충족
2026-06-22 13:12:11,SELL_SKIP,005930,0,0,,0,0,보유수량 0
2026-06-22 13:12:18,BALANCE_CHECK,005930,354250,0,,10000000,0,주문 후 확인 | 체결 미확인 (지정가 미체결 가능)
2026-06-22 13:12:25,BALANCE_CHECK,000660,2904000,0,,10000000,0,주문 전 | 전략=HOLD | 조건 미충족
2026-06-22 13:12:25,HOLD,000660,2904000,0,,0,0,조건 미충족
2026-06-22 13:12:25,SELL_SKIP,000660,0,0,,0,0,보유수량 0
2026-06-22 13:12:33,BALANCE_CHECK,000660,2904000,0,,10000000,0,주문 후 확인 | 체결 미확인 (지정가 미체결 가능)
2026-06-22 13:13:09,BALANCE_CHECK,005930,354250,0,,10000000,0,주문 전 | 전략=HOLD | 조건 미충족
2026-06-22 13:13:09,HOLD,005930,354250,0,,0,0,조건 미충족
2026-06-22 13:13:09,SELL_SKIP,005930,0,0,,0,0,보유수량 0
2026-06-22 13:13:16,BALANCE_CHECK,005930,354250,0,,10000000,0,주문 후 확인 | 체결 미확인 (지정가 미체결 가능)
2026-06-22 13:13:21,BALANCE_CHECK,000660,2902000,0,,10000000,0,주문 전 | 전략=HOLD | 조건 미충족
2026-06-22 13:13:21,HOLD,000660,2902000,0,,0,0,조건 미충족
2026-06-22 13:13:21,SELL_SKIP,000660,0,0,,0,0,보유수량 0
2026-06-22 13:13:24,BALANCE_CHECK,000660,2902000,0,,10000000,0,주문 후 확인 | 체결 미확인 (지정가 미체결 가능)
2026-06-22 13:14:00,BALANCE_CHECK,005930,352750,0,,10000000,0,주문 전 | 전략=HOLD | 조건 미충족
2026-06-22 13:14:00,HOLD,005930,352750,0,,0,0,조건 미충족
2026-06-22 13:14:00,SELL_SKIP,005930,0,0,,0,0,보유수량 0
2026-06-22 13:14:03,BALANCE_CHECK,005930,352750,0,,10000000,0,주문 후 확인 | 체결 미확인 (지정가 미체결 가능)
2026-06-22 13:14:12,BALANCE_CHECK,000660,2890000,0,,10000000,0,주문 전 | 전략=HOLD | 조건 미충족
2026-06-22 13:14:12,HOLD,000660,2890000,0,,0,0,조건 미충족
2026-06-22 13:14:12,SELL_SKIP,000660,0,0,,0,0,보유수량 0
2026-06-22 13:14:19,BALANCE_CHECK,000660,2890000,0,,10000000,0,주문 후 확인 | 체결 미확인 (지정가 미체결 가능)
2026-06-22 13:14:56,BALANCE_CHECK,005930,351000,0,,10000000,0,주문 전 | 전략=HOLD | 조건 미충족
2026-06-22 13:14:56,HOLD,005930,351000,0,,0,0,조건 미충족
2026-06-22 13:14:56,SELL_SKIP,005930,0,0,,0,0,보유수량 0
2026-06-22 13:15:05,BALANCE_CHECK,005930,351000,0,,10000000,0,주문 후 확인 | 체결 미확인 (지정가 미체결 가능)
2026-06-22 13:15:10,BALANCE_CHECK,000660,2879000,0,,10000000,0,주문 전 | 전략=HOLD | 조건 미충족
2026-06-22 13:15:10,HOLD,000660,2879000,0,,0,0,조건 미충족
2026-06-22 13:15:10,SELL_SKIP,000660,0,0,,0,0,보유수량 0
2026-06-22 13:15:14,BALANCE_CHECK,000660,2879000,0,,10000000,0,주문 후 확인 | 체결 미확인 (지정가 미체결 가능)
2026-06-22 13:15:47,BALANCE_CHECK,005930,351500,0,,10000000,0,주문 전 | 전략=HOLD | 조건 미충족
2026-06-22 13:15:47,HOLD,005930,351500,0,,0,0,조건 미충족
2026-06-22 13:15:47,SELL_SKIP,005930,0,0,,0,0,보유수량 0
2026-06-22 13:15:50,BALANCE_CHECK,005930,351500,0,,10000000,0,주문 후 확인 | 체결 미확인 (지정가 미체결 가능)
2026-06-22 13:15:58,BALANCE_CHECK,000660,2883000,0,,10000000,0,주문 전 | 전략=HOLD | 조건 미충족
2026-06-22 13:15:58,HOLD,000660,2883000,0,,0,0,조건 미충족
2026-06-22 13:15:58,SELL_SKIP,000660,0,0,,0,0,보유수량 0
2026-06-22 13:16:03,BALANCE_CHECK,000660,2883000,0,,10000000,0,주문 후 확인 | 체결 미확인 (지정가 미체결 가능)
2026-06-22 13:16:37,BALANCE_CHECK,005930,352000,0,,10000000,0,주문 전 | 전략=HOLD | 조건 미충족
2026-06-22 13:16:37,HOLD,005930,352000,0,,0,0,조건 미충족
2026-06-22 13:16:37,SELL_SKIP,005930,0,0,,0,0,보유수량 0
2026-06-22 13:16:41,BALANCE_CHECK,005930,352000,0,,10000000,0,주문 후 확인 | 체결 미확인 (지정가 미체결 가능)
2026-06-22 13:16:52,BALANCE_CHECK,000660,2895000,0,,10000000,0,주문 전 | 전략=HOLD | 조건 미충족
2026-06-22 13:16:52,HOLD,000660,2895000,0,,0,0,조건 미충족
2026-06-22 13:16:52,SELL_SKIP,000660,0,0,,0,0,보유수량 0
2026-06-22 13:16:55,BALANCE_CHECK,000660,2895000,0,,10000000,0,주문 후 확인 | 체결 미확인 (지정가 미체결 가능)
2026-06-22 13:17:26,BALANCE_CHECK,005930,352500,0,,10000000,0,주문 전 | 전략=HOLD | 조건 미충족
2026-06-22 13:17:26,HOLD,005930,352500,0,,0,0,조건 미충족
2026-06-22 13:17:26,SELL_SKIP,005930,0,0,,0,0,보유수량 0
2026-06-22 13:17:33,BALANCE_CHECK,005930,352500,0,,10000000,0,주문 후 확인 | 체결 미확인 (지정가 미체결 가능)
2026-06-22 13:17:35,BALANCE_CHECK,000660,2894000,0,,10000000,0,주문 전 | 전략=HOLD | 조건 미충족
2026-06-22 13:17:35,HOLD,000660,2894000,0,,0,0,조건 미충족
2026-06-22 13:17:35,SELL_SKIP,000660,0,0,,0,0,보유수량 0
2026-06-22 13:17:44,BALANCE_CHECK,000660,2894000,0,,10000000,0,주문 후 확인 | 체결 미확인 (지정가 미체결 가능)
2026-06-22 13:18:26,BALANCE_CHECK,005930,352000,0,,10000000,0,주문 전 | 전략=HOLD | 조건 미충족
2026-06-22 13:18:26,HOLD,005930,352000,0,,0,0,조건 미충족
2026-06-22 13:18:26,SELL_SKIP,005930,0,0,,0,0,보유수량 0
2026-06-22 13:18:34,BALANCE_CHECK,005930,352000,0,,10000000,0,주문 후 확인 | 체결 미확인 (지정가 미체결 가능)
2026-06-22 13:18:40,BALANCE_CHECK,000660,2891000,0,,10000000,0,주문 전 | 전략=HOLD | 조건 미충족
2026-06-22 13:18:40,HOLD,000660,2891000,0,,0,0,조건 미충족
2026-06-22 13:18:40,SELL_SKIP,000660,0,0,,0,0,보유수량 0
2026-06-22 13:18:47,BALANCE_CHECK,000660,2891000,0,,10000000,0,주문 후 확인 | 체결 미확인 (지정가 미체결 가능)
2026-06-22 13:19:23,BALANCE_CHECK,005930,352000,0,,10000000,0,주문 전 | 전략=HOLD | 조건 미충족
2026-06-22 13:19:23,HOLD,005930,352000,0,,0,0,조건 미충족
2026-06-22 13:19:23,SELL_SKIP,005930,0,0,,0,0,보유수량 0
2026-06-22 13:19:31,BALANCE_CHECK,005930,352000,0,,10000000,0,주문 후 확인 | 체결 미확인 (지정가 미체결 가능)
2026-06-22 13:19:35,BALANCE_CHECK,000660,2898000,0,,10000000,0,주문 전 | 전략=HOLD | 조건 미충족
2026-06-22 13:19:35,HOLD,000660,2898000,0,,0,0,조건 미충족
2026-06-22 13:19:35,SELL_SKIP,000660,0,0,,0,0,보유수량 0
2026-06-22 13:19:39,BALANCE_CHECK,000660,2898000,0,,10000000,0,주문 후 확인 | 체결 미확인 (지정가 미체결 가능)
2026-06-22 13:20:17,BALANCE_CHECK,005930,353000,0,,10000000,0,주문 전 | 전략=HOLD | 조건 미충족
2026-06-22 13:20:17,HOLD,005930,353000,0,,0,0,조건 미충족
2026-06-22 13:20:17,SELL_SKIP,005930,0,0,,0,0,보유수량 0
2026-06-22 13:20:28,BALANCE_CHECK,005930,353000,0,,10000000,0,주문 후 확인 | 체결 미확인 (지정가 미체결 가능)
2026-06-22 13:20:39,BALANCE_CHECK,000660,2902000,0,,10000000,0,주문 전 | 전략=HOLD | 조건 미충족
2026-06-22 13:20:39,HOLD,000660,2902000,0,,0,0,조건 미충족
2026-06-22 13:20:39,SELL_SKIP,000660,0,0,,0,0,보유수량 0
2026-06-22 13:20:50,BALANCE_CHECK,000660,2902000,0,,10000000,0,주문 후 확인 | 체결 미확인 (지정가 미체결 가능)
2026-06-22 13:21:22,BALANCE_CHECK,005930,352500,0,,10000000,0,주문 전 | 전략=HOLD | 조건 미충족
2026-06-22 13:21:22,HOLD,005930,352500,0,,0,0,조건 미충족
2026-06-22 13:21:22,SELL_SKIP,005930,0,0,,0,0,보유수량 0
2026-06-22 13:21:32,BALANCE_CHECK,005930,352500,0,,10000000,0,주문 후 확인 | 체결 미확인 (지정가 미체결 가능)
2026-06-22 13:21:36,BALANCE_CHECK,000660,2900000,0,,10000000,0,주문 전 | 전략=HOLD | 조건 미충족
2026-06-22 13:21:36,HOLD,000660,2900000,0,,0,0,조건 미충족
2026-06-22 13:21:36,SELL_SKIP,000660,0,0,,0,0,보유수량 0
2026-06-22 13:21:47,BALANCE_CHECK,000660,2900000,0,,10000000,0,주문 후 확인 | 체결 미확인 (지정가 미체결 가능)
2026-06-22 13:22:24,BALANCE_CHECK,005930,352500,0,,10000000,0,주문 전 | 전략=HOLD | 조건 미충족
2026-06-22 13:22:24,HOLD,005930,352500,0,,0,0,조건 미충족
2026-06-22 13:22:24,SELL_SKIP,005930,0,0,,0,0,보유수량 0
2026-06-22 13:22:30,BALANCE_CHECK,005930,352500,0,,10000000,0,주문 후 확인 | 체결 미확인 (지정가 미체결 가능)
2026-06-22 13:22:36,BALANCE_CHECK,000660,2905000,0,,10000000,0,주문 전 | 전략=HOLD | 조건 미충족
2026-06-22 13:22:36,HOLD,000660,2905000,0,,0,0,조건 미충족
2026-06-22 13:22:36,SELL_SKIP,000660,0,0,,0,0,보유수량 0
2026-06-22 13:22:40,BALANCE_CHECK,000660,2905000,0,,10000000,0,주문 후 확인 | 체결 미확인 (지정가 미체결 가능)
2026-06-22 13:23:18,BALANCE_CHECK,005930,352500,0,,10000000,0,주문 전 | 전략=HOLD | 조건 미충족
2026-06-22 13:23:18,HOLD,005930,352500,0,,0,0,조건 미충족
2026-06-22 13:23:18,SELL_SKIP,005930,0,0,,0,0,보유수량 0
2026-06-22 13:23:23,BALANCE_CHECK,005930,352500,0,,10000000,0,주문 후 확인 | 체결 미확인 (지정가 미체결 가능)
2026-06-22 13:23:29,BALANCE_CHECK,000660,2903000,0,,10000000,0,주문 전 | 전략=HOLD | 조건 미충족
2026-06-22 13:23:29,HOLD,000660,2903000,0,,0,0,조건 미충족
2026-06-22 13:23:29,SELL_SKIP,000660,0,0,,0,0,보유수량 0
2026-06-22 13:23:32,BALANCE_CHECK,000660,2903000,0,,10000000,0,주문 후 확인 | 체결 미확인 (지정가 미체결 가능)
2026-06-22 13:24:10,BALANCE_CHECK,005930,352250,0,,10000000,0,주문 전 | 전략=HOLD | 조건 미충족
2026-06-22 13:24:10,HOLD,005930,352250,0,,0,0,조건 미충족
2026-06-22 13:24:10,SELL_SKIP,005930,0,0,,0,0,보유수량 0
2026-06-22 13:24:15,BALANCE_CHECK,005930,352250,0,,10000000,0,주문 후 확인 | 체결 미확인 (지정가 미체결 가능)
2026-06-22 13:24:21,BALANCE_CHECK,000660,2898000,0,,10000000,0,주문 전 | 전략=HOLD | 조건 미충족
2026-06-22 13:24:21,HOLD,000660,2898000,0,,0,0,조건 미충족
2026-06-22 13:24:21,SELL_SKIP,000660,0,0,,0,0,보유수량 0
2026-06-22 13:24:25,BALANCE_CHECK,000660,2898000,0,,10000000,0,주문 후 확인 | 체결 미확인 (지정가 미체결 가능)
2026-06-22 13:25:00,BALANCE_CHECK,005930,352500,0,,10000000,0,주문 전 | 전략=HOLD | 조건 미충족
2026-06-22 13:25:00,HOLD,005930,352500,0,,0,0,조건 미충족
2026-06-22 13:25:00,SELL_SKIP,005930,0,0,,0,0,보유수량 0
2026-06-22 13:25:11,BALANCE_CHECK,005930,352500,0,,10000000,0,주문 후 확인 | 체결 미확인 (지정가 미체결 가능)
2026-06-22 13:25:21,BALANCE_CHECK,000660,2898000,0,,10000000,0,주문 전 | 전략=HOLD | 조건 미충족
2026-06-22 13:25:21,HOLD,000660,2898000,0,,0,0,조건 미충족
2026-06-22 13:25:21,SELL_SKIP,000660,0,0,,0,0,보유수량 0
2026-06-22 13:25:25,BALANCE_CHECK,000660,2898000,0,,10000000,0,주문 후 확인 | 체결 미확인 (지정가 미체결 가능)
2026-06-22 13:26:03,BALANCE_CHECK,005930,352000,0,,10000000,0,주문 전 | 전략=HOLD | 조건 미충족
2026-06-22 13:26:03,HOLD,005930,352000,0,,0,0,조건 미충족
2026-06-22 13:26:03,SELL_SKIP,005930,0,0,,0,0,보유수량 0
2026-06-22 13:26:08,BALANCE_CHECK,005930,352000,0,,10000000,0,주문 후 확인 | 체결 미확인 (지정가 미체결 가능)
2026-06-22 13:39:00,BALANCE_CHECK,000660,2893000,0,,10000000,0,주문 전 | 전략=HOLD | 조건 미충족
2026-06-22 13:39:00,HOLD,000660,2893000,0,,0,0,조건 미충족
2026-06-22 13:39:00,SELL_SKIP,000660,0,0,,0,0,보유수량 0
2026-06-22 13:39:04,BALANCE_CHECK,000660,2893000,0,,10000000,0,주문 후 확인 | 체결 미확인 (지정가 미체결 가능)
2026-06-22 13:39:40,BALANCE_CHECK,005930,349000,0,,10000000,0,주문 전 | 전략=BUY | 등락률 -1.41% (임계값 -1.0% 이하) + RSI=29.7 (과매도 확인 → 매수)
2026-06-22 13:39:40,BUY_ORDER,005930,347000,1,0000031459,10000000,0,"현재가 349,000원 | 등락률 -1.41% (임계값 -1.0% 이하) + RSI=29.7 (과매도 확인 → 매수)"
2026-06-22 13:39:40,SELL_SKIP,005930,0,0,,0,0,보유수량 0
2026-06-22 13:39:44,BALANCE_CHECK,005930,349000,0,,10000000,0,주문 후 확인 | 체결 미확인 (지정가 미체결 가능)
2026-06-22 13:39:50,BALANCE_CHECK,000660,2865000,0,,10000000,0,주문 전 | 전략=HOLD | 조건 미충족
2026-06-22 13:39:50,HOLD,000660,2865000,0,,0,0,조건 미충족
2026-06-22 13:39:50,SELL_SKIP,000660,0,0,,0,0,보유수량 0
2026-06-22 13:39:53,BALANCE_CHECK,000660,2865000,0,,10000000,0,주문 후 확인 | 체결 미확인 (지정가 미체결 가능)
2026-06-22 13:40:29,BALANCE_CHECK,005930,350000,0,,10000000,0,주문 전 | 전략=BUY | 등락률 -1.13% (임계값 -1.0% 이하) + RSI=44.1 (과매도 확인 → 매수)
2026-06-22 13:40:33,BUY_ORDER,005930,348000,1,0000031538,10000000,0,"현재가 350,000원 | 등락률 -1.13% (임계값 -1.0% 이하) + RSI=44.1 (과매도 확인 → 매수)"
2026-06-22 13:40:33,SELL_SKIP,005930,0,0,,0,0,보유수량 0
2026-06-22 13:40:36,BALANCE_CHECK,005930,350000,0,,10000000,0,주문 후 확인 | 체결 미확인 (지정가 미체결 가능)
2026-06-22 13:40:46,BALANCE_CHECK,000660,2872000,0,,10000000,0,주문 전 | 전략=HOLD | 조건 미충족
2026-06-22 13:40:46,HOLD,000660,2872000,0,,0,0,조건 미충족
2026-06-22 13:40:46,SELL_SKIP,000660,0,0,,0,0,보유수량 0
2026-06-22 13:40:50,BALANCE_CHECK,000660,2872000,0,,10000000,0,주문 후 확인 | 체결 미확인 (지정가 미체결 가능)
2026-06-22 13:41:29,BALANCE_CHECK,005930,349000,0,,10000000,0,주문 전 | 전략=BUY | 등락률 -1.41% (임계값 -1.0% 이하) + RSI=36.1 (과매도 확인 → 매수)
2026-06-22 13:41:32,BUY_ORDER,005930,347000,1,0000031611,10000000,0,"현재가 349,000원 | 등락률 -1.41% (임계값 -1.0% 이하) + RSI=36.1 (과매도 확인 → 매수)"
2026-06-22 13:41:32,SELL_SKIP,005930,0,0,,0,0,보유수량 0
2026-06-22 13:41:35,BALANCE_CHECK,005930,349000,0,,10000000,0,주문 후 확인 | 체결 미확인 (지정가 미체결 가능)
2026-06-22 13:41:44,BALANCE_CHECK,000660,2873000,0,,10000000,0,주문 전 | 전략=HOLD | 조건 미충족
2026-06-22 13:41:44,HOLD,000660,2873000,0,,0,0,조건 미충족
2026-06-22 13:41:44,SELL_SKIP,000660,0,0,,0,0,보유수량 0
2026-06-22 14:06:08,BALANCE_CHECK,005930,349000,0,,10000000,3,주문 전 | 전략=HOLD | 조건 미충족
2026-06-22 14:06:08,HOLD,005930,349000,0,,0,0,조건 미충족
2026-06-22 14:06:14,SELL_ORDER,005930,351000,1,0000033498,10000000,3,"현재가 349,000원 기준"
2026-06-22 14:06:24,BALANCE_CHECK,005930,349000,0,,10000000,3,주문 후 확인 | 체결 미확인 (지정가 미체결 가능)
2026-06-22 14:06:36,BALANCE_CHECK,000660,2880000,0,,10000000,0,주문 전 | 전략=BUY | 등락률 +4.20% (모멘텀 임계값 +0.3% 이상)
2026-06-22 14:06:36,BUY_ORDER,000660,2878000,1,0000033531,10000000,0,"현재가 2,880,000원 | 등락률 +4.20% (모멘텀 임계값 +0.3% 이상)"
2026-06-22 14:06:36,SELL_SKIP,000660,0,0,,0,0,보유수량 0
2026-06-22 14:06:40,BALANCE_CHECK,000660,2880000,0,,10000000,0,주문 후 확인 | 체결 미확인 (지정가 미체결 가능)
2026-06-22 14:07:13,BALANCE_CHECK,005930,350250,0,,10000000,3,주문 전 | 전략=HOLD | 조건 미충족
2026-06-22 14:07:13,HOLD,005930,350250,0,,0,0,조건 미충족
2026-06-22 14:07:17,SELL_ORDER,005930,352250,1,,10000000,3,"현재가 350,250원 기준"
2026-06-22 14:07:24,BALANCE_CHECK,005930,350250,0,,10000000,2,주문 후 확인 | 매도 체결 추정 (3→2주)
2026-06-22 14:07:30,BALANCE_CHECK,000660,2885000,0,,10000000,0,주문 전 | 전략=BUY | 등락률 +4.38% (모멘텀 임계값 +0.3% 이상)
2026-06-22 14:07:30,BUY_ORDER,000660,2883000,1,0000033640,10000000,0,"현재가 2,885,000원 | 등락률 +4.38% (모멘텀 임계값 +0.3% 이상)"
2026-06-22 14:07:30,SELL_SKIP,000660,0,0,,0,0,보유수량 0
2026-06-22 14:07:38,BALANCE_CHECK,000660,2885000,0,,10000000,0,주문 후 확인 | 체결 미확인 (지정가 미체결 가능)
2026-06-22 14:08:43,BALANCE_CHECK,005930,351500,0,,10000000,2,주문 전 | 전략=HOLD | 조건 미충족
2026-06-22 14:08:43,HOLD,005930,351500,0,,0,0,조건 미충족
2026-06-22 14:08:48,SELL_ORDER,005930,353500,1,0000033733,10000000,2,"현재가 351,500원 기준"
2026-06-22 14:08:58,BALANCE_CHECK,005930,351500,0,,10000000,2,주문 후 확인 | 체결 미확인 (지정가 미체결 가능)
2026-06-22 14:09:11,BALANCE_CHECK,000660,2890000,0,,10000000,0,주문 전 | 전략=BUY | 등락률 +4.56% (모멘텀 임계값 +0.3% 이상)
2026-06-22 14:09:16,BUY_ORDER,000660,2888000,1,0000033783,10000000,0,"현재가 2,890,000원 | 등락률 +4.56% (모멘텀 임계값 +0.3% 이상)"
2026-06-22 14:09:16,SELL_SKIP,000660,0,0,,0,0,보유수량 0
2026-06-22 14:09:21,BALANCE_CHECK,000660,2890000,0,,10000000,2,주문 후 확인 | 매수 체결 추정 (0→2주)
2026-06-22 14:10:00,BALANCE_CHECK,005930,351000,0,,10000000,2,주문 전 | 전략=HOLD | 조건 미충족
2026-06-22 14:10:00,HOLD,005930,351000,0,,0,0,조건 미충족
2026-06-22 14:10:04,SELL_ORDER,005930,353000,1,0000033855,10000000,2,"현재가 351,000원 기준"
2026-06-22 14:10:10,BALANCE_CHECK,005930,351000,0,,10000000,2,주문 후 확인 | 체결 미확인 (지정가 미체결 가능)
2026-06-22 14:11:28,BALANCE_CHECK,005930,350500,0,,10000000,2,주문 전 | 전략=HOLD | 조건 미충족
2026-06-22 14:11:28,HOLD,005930,350500,0,,0,0,조건 미충족
2026-06-22 14:11:28,SELL_ORDER,005930,352500,1,,10000000,2,"현재가 350,500원 기준"
2026-06-22 14:11:37,BALANCE_CHECK,005930,350500,0,,10000000,2,주문 후 확인 | 체결 미확인 (지정가 미체결 가능)
2026-06-22 14:13:29,BALANCE_CHECK,005930,351000,0,,10000000,2,주문 전 | 전략=HOLD | 조건 미충족
2026-06-22 14:13:29,HOLD,005930,351000,0,,0,0,조건 미충족
2026-06-22 14:13:33,SELL_ORDER,005930,353000,1,,10000000,2,"현재가 351,000원 기준"
2026-06-22 14:13:36,BALANCE_CHECK,005930,351000,0,,10000000,2,주문 후 확인 | 체결 미확인 (지정가 미체결 가능)
2026-06-22 14:13:45,BALANCE_CHECK,000660,2891000,0,,10000000,3,주문 전 | 전략=BUY | 등락률 +4.59% (모멘텀 임계값 +0.3% 이상)
2026-06-22 14:13:45,BUY_ORDER,000660,2889000,1,0000034121,10000000,3,"현재가 2,891,000원 | 등락률 +4.59% (모멘텀 임계값 +0.3% 이상)"
2026-06-22 14:13:48,SELL_ORDER,000660,2893000,1,0000034126,10000000,3,"현재가 2,891,000원 기준"
2026-06-22 14:13:51,BALANCE_CHECK,000660,2891000,0,,10000000,4,주문 후 확인 | 매수 체결 추정 (3→4주)
2026-06-22 14:14:27,BALANCE_CHECK,005930,351500,0,,10000000,2,주문 전 | 전략=HOLD | 조건 미충족
2026-06-22 14:14:27,HOLD,005930,351500,0,,0,0,조건 미충족
2026-06-22 14:14:29,SELL_ORDER,005930,353500,1,,10000000,2,"현재가 351,500원 기준"
2026-06-22 14:14:38,BALANCE_CHECK,005930,351500,0,,10000000,2,주문 후 확인 | 체결 미확인 (지정가 미체결 가능)
2026-06-22 14:14:44,BALANCE_CHECK,000660,2889000,0,,10000000,4,주문 전 | 전략=BUY | 등락률 +4.52% (모멘텀 임계값 +0.3% 이상)
2026-06-22 14:14:44,BUY_ORDER,000660,2887000,1,0000034186,10000000,4,"현재가 2,889,000원 | 등락률 +4.52% (모멘텀 임계값 +0.3% 이상)"
2026-06-22 14:14:47,SELL_ORDER,000660,2891000,1,0000034188,10000000,4,"현재가 2,889,000원 기준"
2026-06-22 14:14:51,BALANCE_CHECK,000660,2889000,0,,10000000,5,주문 후 확인 | 매수 체결 추정 (4→5주)
2026-06-22 14:15:23,BALANCE_CHECK,005930,352500,0,,10000000,2,주문 전 | 전략=HOLD | 조건 미충족
2026-06-22 14:15:23,HOLD,005930,352500,0,,0,0,조건 미충족
2026-06-22 14:15:28,SELL_ORDER,005930,354500,1,,10000000,2,"현재가 352,500원 기준"
2026-06-22 14:15:37,BALANCE_CHECK,005930,352500,0,,10000000,2,주문 후 확인 | 체결 미확인 (지정가 미체결 가능)
2026-06-22 14:15:47,BALANCE_CHECK,000660,2892000,0,,10000000,4,주문 전 | 전략=BUY | 등락률 +4.63% (모멘텀 임계값 +0.3% 이상)
2026-06-22 14:15:47,BUY_ORDER,000660,2890000,1,0000034253,10000000,4,"현재가 2,892,000원 | 등락률 +4.63% (모멘텀 임계값 +0.3% 이상)"
2026-06-22 14:15:49,SELL_ORDER,000660,2894000,1,0000034257,10000000,4,"현재가 2,892,000원 기준"
2026-06-22 14:15:53,BALANCE_CHECK,000660,2892000,0,,10000000,3,주문 후 확인 | 매도 체결 추정 (4→3주)
2026-06-22 14:16:28,BALANCE_CHECK,005930,352500,0,,10000000,1,주문 전 | 전략=HOLD | 조건 미충족
2026-06-22 14:16:28,HOLD,005930,352500,0,,0,0,조건 미충족
2026-06-22 14:16:28,SELL_ORDER,005930,354500,1,,10000000,1,"현재가 352,500원 기준"
2026-06-22 14:16:35,BALANCE_CHECK,005930,352500,0,,10000000,1,주문 후 확인 | 체결 미확인 (지정가 미체결 가능)
2026-06-22 14:16:42,BALANCE_CHECK,000660,2892000,0,,10000000,4,주문 전 | 전략=BUY | 등락률 +4.63% (모멘텀 임계값 +0.3% 이상)
2026-06-22 14:16:45,BUY_ORDER,000660,2890000,1,0000034328,10000000,4,"현재가 2,892,000원 | 등락률 +4.63% (모멘텀 임계값 +0.3% 이상)"
2026-06-22 14:16:45,SELL_ORDER,000660,2894000,1,0000034330,10000000,4,"현재가 2,892,000원 기준"
2026-06-22 14:16:57,BALANCE_CHECK,000660,2892000,0,,10000000,4,주문 후 확인 | 체결 미확인 (지정가 미체결 가능)
2026-06-22 14:18:10,BALANCE_CHECK,005930,352500,0,,10000000,1,주문 전 | 전략=HOLD | 조건 미충족
2026-06-22 14:18:10,HOLD,005930,352500,0,,0,0,조건 미충족
2026-06-22 14:18:10,SELL_ORDER,005930,354500,1,,10000000,1,"현재가 352,500원 기준"
2026-06-22 14:18:15,BALANCE_CHECK,005930,352500,0,,10000000,1,주문 후 확인 | 체결 미확인 (지정가 미체결 가능)
2026-06-22 14:18:21,BALANCE_CHECK,000660,2889000,0,,10000000,3,주문 전 | 전략=BUY | 등락률 +4.52% (모멘텀 임계값 +0.3% 이상)
2026-06-22 14:18:21,BUY_ORDER,000660,2887000,1,0000034426,10000000,3,"현재가 2,889,000원 | 등락률 +4.52% (모멘텀 임계값 +0.3% 이상)"
2026-06-22 14:18:23,SELL_ORDER,000660,2891000,1,0000034429,10000000,3,"현재가 2,889,000원 기준"
2026-06-22 14:18:33,BALANCE_CHECK,000660,2889000,0,,10000000,3,주문 후 확인 | 체결 미확인 (지정가 미체결 가능)
2026-06-22 14:19:13,BALANCE_CHECK,005930,352750,0,,10000000,1,주문 전 | 전략=HOLD | 조건 미충족
2026-06-22 14:19:13,HOLD,005930,352750,0,,0,0,조건 미충족
2026-06-22 14:19:15,SELL_ORDER,005930,354750,1,,10000000,1,"현재가 352,750원 기준"
2026-06-22 14:19:18,BALANCE_CHECK,005930,352750,0,,10000000,1,주문 후 확인 | 체결 미확인 (지정가 미체결 가능)
2026-06-22 14:19:26,BALANCE_CHECK,000660,2889000,0,,10000000,3,주문 전 | 전략=BUY | 등락률 +4.52% (모멘텀 임계값 +0.3% 이상)
2026-06-22 14:19:27,BUY_ORDER,000660,2887000,1,0000034508,10000000,3,"현재가 2,889,000원 | 등락률 +4.52% (모멘텀 임계값 +0.3% 이상)"
2026-06-22 14:19:30,SELL_ORDER,000660,2891000,1,0000034511,10000000,3,"현재가 2,889,000원 기준"
2026-06-22 14:19:33,BALANCE_CHECK,000660,2889000,0,,10000000,2,주문 후 확인 | 매도 체결 추정 (3→2주)
2026-06-22 14:20:00,BALANCE_CHECK,005930,352500,0,,10000000,1,주문 전 | 전략=HOLD | 조건 미충족
2026-06-22 14:20:00,HOLD,005930,352500,0,,0,0,조건 미충족
2026-06-22 14:20:04,SELL_ORDER,005930,354500,1,,10000000,1,"현재가 352,500원 기준"
2026-06-22 14:20:10,BALANCE_CHECK,005930,352750,0,,10000000,1,주문 전 | 전략=HOLD | 조건 미충족
2026-06-22 14:20:10,HOLD,005930,352750,0,,0,0,조건 미충족
2026-06-22 14:20:16,SELL_ORDER,005930,354750,1,,10000000,1,"현재가 352,750원 기준"
2026-06-22 14:20:17,BALANCE_CHECK,005930,352500,0,,10000000,1,주문 후 확인 | 체결 미확인 (지정가 미체결 가능)
2026-06-22 14:20:19,BALANCE_CHECK,005930,352750,0,,10000000,1,주문 후 확인 | 체결 미확인 (지정가 미체결 가능)
2026-06-22 14:20:25,BALANCE_CHECK,000660,2887000,0,,10000000,3,주문 전 | 전략=BUY | 등락률 +4.45% (모멘텀 임계값 +0.3% 이상)
2026-06-22 14:20:25,BALANCE_CHECK,000660,2888000,0,,10000000,3,주문 전 | 전략=BUY | 등락률 +4.49% (모멘텀 임계값 +0.3% 이상)
2026-06-22 14:20:28,BUY_ORDER,000660,2885000,1,0000034561,10000000,3,"현재가 2,887,000원 | 등락률 +4.45% (모멘텀 임계값 +0.3% 이상)"
2026-06-22 14:20:33,SELL_ORDER,000660,2889000,1,0000034565,10000000,3,"현재가 2,887,000원 기준"
2026-06-22 14:20:35,BUY_ORDER,000660,2886000,1,0000034569,10000000,3,"현재가 2,888,000원 | 등락률 +4.49% (모멘텀 임계값 +0.3% 이상)"
2026-06-22 14:20:35,SELL_ORDER,000660,2890000,1,0000034570,10000000,3,"현재가 2,888,000원 기준"
2026-06-22 14:20:36,BALANCE_CHECK,000660,2887000,0,,10000000,2,주문 후 확인 | 매도 체결 추정 (3→2주)
2026-06-22 14:20:44,BALANCE_CHECK,000660,2888000,0,,10000000,1,주문 후 확인 | 매도 체결 추정 (3→1주)
2026-06-22 14:21:09,BALANCE_CHECK,005930,353500,0,,10000000,0,주문 전 | 전략=HOLD | 조건 미충족
2026-06-22 14:21:09,HOLD,005930,353500,0,,0,0,조건 미충족
2026-06-22 14:21:09,SELL_SKIP,005930,0,0,,0,0,보유수량 0
2026-06-22 14:21:16,BALANCE_CHECK,005930,353500,0,,10000000,0,주문 후 확인 | 체결 미확인 (지정가 미체결 가능)
2026-06-22 14:21:21,BALANCE_CHECK,000660,2894000,0,,10000000,1,주문 전 | 전략=BUY | 등락률 +4.70% (모멘텀 임계값 +0.3% 이상)
2026-06-22 14:21:23,BUY_ORDER,000660,2892000,1,0000034632,10000000,1,"현재가 2,894,000원 | 등락률 +4.70% (모멘텀 임계값 +0.3% 이상)"
2026-06-22 14:21:24,BALANCE_CHECK,005930,354000,0,,10000000,0,주문 전 | 전략=HOLD | 조건 미충족
2026-06-22 14:21:24,HOLD,005930,354000,0,,0,0,조건 미충족
2026-06-22 14:21:24,SELL_SKIP,005930,0,0,,0,0,보유수량 0
2026-06-22 14:21:25,SELL_ORDER,000660,2896000,1,0000034635,10000000,1,"현재가 2,894,000원 기준"
2026-06-22 14:21:31,BALANCE_CHECK,005930,354000,0,,10000000,0,주문 후 확인 | 체결 미확인 (지정가 미체결 가능)
2026-06-22 14:21:31,BALANCE_CHECK,000660,2894000,0,,10000000,0,주문 후 확인 | 매도 체결 추정 (1→0주)
2026-06-22 14:21:31,BALANCE_CHECK,000660,2896000,0,,10000000,0,주문 전 | 전략=BUY | 등락률 +4.78% (모멘텀 임계값 +0.3% 이상)
2026-06-22 14:21:32,BUY_ORDER,000660,2894000,1,0000034645,10000000,0,"현재가 2,896,000원 | 등락률 +4.78% (모멘텀 임계값 +0.3% 이상)"
2026-06-22 14:21:32,SELL_SKIP,000660,0,0,,0,0,보유수량 0
2026-06-22 14:21:38,BALANCE_CHECK,000660,2896000,0,,10000000,0,주문 후 확인 | 체결 미확인 (지정가 미체결 가능)
2026-06-22 14:21:55,BALANCE_CHECK,005930,354000,0,,10000000,0,주문 전 | 전략=HOLD | 조건 미충족
2026-06-22 14:21:55,HOLD,005930,354000,0,,0,0,조건 미충족
2026-06-22 14:21:55,SELL_SKIP,005930,0,0,,0,0,보유수량 0
2026-06-22 14:22:01,BALANCE_CHECK,005930,354000,0,,10000000,0,주문 후 확인 | 체결 미확인 (지정가 미체결 가능)
2026-06-22 14:22:08,BALANCE_CHECK,000660,2898000,0,,10000000,0,주문 전 | 전략=HOLD | 조건 미충족
2026-06-22 14:22:08,HOLD,000660,2898000,0,,0,0,조건 미충족
2026-06-22 14:22:08,SELL_SKIP,000660,0,0,,0,0,보유수량 0
2026-06-22 14:22:13,BALANCE_CHECK,005930,354000,0,,10000000,0,주문 전 | 전략=HOLD | 조건 미충족
2026-06-22 14:22:13,HOLD,005930,354000,0,,0,0,조건 미충족
2026-06-22 14:22:13,SELL_SKIP,005930,0,0,,0,0,보유수량 0
2026-06-22 14:22:19,BALANCE_CHECK,000660,2898000,0,,10000000,0,주문 후 확인 | 체결 미확인 (지정가 미체결 가능)
2026-06-22 14:22:19,BALANCE_CHECK,005930,354000,0,,10000000,0,주문 후 확인 | 체결 미확인 (지정가 미체결 가능)
2026-06-22 14:22:20,BALANCE_CHECK,005930,354250,0,,10000000,0,주문 전 | 전략=HOLD | 조건 미충족
2026-06-22 14:22:20,HOLD,005930,354250,0,,0,0,조건 미충족
2026-06-22 14:22:20,SELL_SKIP,005930,0,0,,0,0,보유수량 0
2026-06-22 14:22:25,BALANCE_CHECK,005930,354250,0,,10000000,0,주문 후 확인 | 체결 미확인 (지정가 미체결 가능)
2026-06-22 14:22:29,BALANCE_CHECK,000660,2899000,0,,10000000,0,주문 전 | 전략=BUY | 등락률 +4.88% (모멘텀 임계값 +0.3% 이상)
2026-06-22 14:22:29,BUY_ORDER,000660,2897000,1,0000034728,10000000,0,"현재가 2,899,000원 | 등락률 +4.88% (모멘텀 임계값 +0.3% 이상)"
2026-06-22 14:22:29,SELL_SKIP,000660,0,0,,0,0,보유수량 0
2026-06-22 14:22:29,BALANCE_CHECK,000660,2899000,0,,10000000,0,주문 전 | 전략=BUY | 등락률 +4.88% (모멘텀 임계값 +0.3% 이상)
2026-06-22 14:22:34,BUY_ORDER,000660,2897000,1,,10000000,0,"현재가 2,899,000원 | 등락률 +4.88% (모멘텀 임계값 +0.3% 이상)"
2026-06-22 14:22:34,SELL_SKIP,000660,0,0,,0,0,보유수량 0
2026-06-22 14:22:42,BALANCE_CHECK,000660,2899000,0,,10000000,1,주문 후 확인 | 매수 체결 추정 (0→1주)
2026-06-22 14:22:43,BALANCE_CHECK,000660,2899000,0,,10000000,1,주문 후 확인 | 매수 체결 추정 (0→1주)
2026-06-22 14:23:17,BALANCE_CHECK,005930,354000,0,,10000000,0,주문 전 | 전략=HOLD | 조건 미충족
2026-06-22 14:23:17,HOLD,005930,354000,0,,0,0,조건 미충족
2026-06-22 14:23:17,SELL_SKIP,005930,0,0,,0,0,보유수량 0
2026-06-22 14:23:23,BALANCE_CHECK,005930,353750,0,,10000000,0,주문 전 | 전략=HOLD | 조건 미충족
2026-06-22 14:23:23,HOLD,005930,353750,0,,0,0,조건 미충족
2026-06-22 14:23:23,SELL_SKIP,005930,0,0,,0,0,보유수량 0
2026-06-22 14:23:25,BALANCE_CHECK,005930,354000,0,,10000000,0,주문 후 확인 | 체결 미확인 (지정가 미체결 가능)
2026-06-22 14:23:32,BALANCE_CHECK,000660,2895000,0,,10000000,3,주문 전 | 전략=BUY | 등락률 +4.74% (모멘텀 임계값 +0.3% 이상)
2026-06-22 14:23:32,BUY_ORDER,000660,2893000,1,,10000000,3,"현재가 2,895,000원 | 등락률 +4.74% (모멘텀 임계값 +0.3% 이상)"
2026-06-22 14:23:35,SELL_ORDER,000660,2897000,1,0000034816,10000000,3,"현재가 2,895,000원 기준"
2026-06-22 14:23:36,BALANCE_CHECK,005930,353750,0,,10000000,0,주문 후 확인 | 체결 미확인 (지정가 미체결 가능)
2026-06-22 14:23:42,BALANCE_CHECK,000660,2894000,0,,10000000,3,주문 전 | 전략=BUY | 등락률 +4.70% (모멘텀 임계값 +0.3% 이상)
2026-06-22 14:23:42,BALANCE_CHECK,000660,2895000,0,,10000000,3,주문 후 확인 | 체결 미확인 (지정가 미체결 가능)
2026-06-22 14:23:42,BUY_ORDER,000660,2892000,1,,10000000,3,"현재가 2,894,000원 | 등락률 +4.70% (모멘텀 임계값 +0.3% 이상)"
2026-06-22 14:23:42,SELL_ORDER,000660,2896000,1,0000034828,10000000,3,"현재가 2,894,000원 기준"
2026-06-22 14:23:46,BALANCE_CHECK,000660,2894000,0,,10000000,3,주문 후 확인 | 체결 미확인 (지정가 미체결 가능)
2026-06-22 14:24:19,BALANCE_CHECK,005930,354000,0,,10000000,0,주문 전 | 전략=HOLD | 조건 미충족
2026-06-22 14:24:19,HOLD,005930,354000,0,,0,0,조건 미충족
2026-06-22 14:24:19,SELL_SKIP,005930,0,0,,0,0,보유수량 0
2026-06-22 14:24:22,BALANCE_CHECK,005930,354000,0,,10000000,0,주문 전 | 전략=HOLD | 조건 미충족
2026-06-22 14:24:22,HOLD,005930,354000,0,,0,0,조건 미충족
2026-06-22 14:24:22,SELL_SKIP,005930,0,0,,0,0,보유수량 0
2026-06-22 14:24:23,BALANCE_CHECK,005930,354000,0,,10000000,0,주문 후 확인 | 체결 미확인 (지정가 미체결 가능)
2026-06-22 14:24:27,BALANCE_CHECK,000660,2895000,0,,10000000,2,주문 전 | 전략=BUY | 등락률 +4.74% (모멘텀 임계값 +0.3% 이상)
2026-06-22 14:24:30,BUY_ORDER,000660,2893000,1,0000034893,10000000,2,"현재가 2,895,000원 | 등락률 +4.74% (모멘텀 임계값 +0.3% 이상)"
2026-06-22 14:24:32,BALANCE_CHECK,005930,354000,0,,10000000,0,주문 후 확인 | 체결 미확인 (지정가 미체결 가능)
2026-06-22 14:24:33,SELL_ORDER,000660,2897000,1,0000034898,10000000,2,"현재가 2,895,000원 기준"
2026-06-22 14:24:38,BALANCE_CHECK,000660,2894000,0,,10000000,3,주문 전 | 전략=BUY | 등락률 +4.70% (모멘텀 임계값 +0.3% 이상)
2026-06-22 14:24:40,BUY_ORDER,000660,2892000,1,,10000000,3,"현재가 2,894,000원 | 등락률 +4.70% (모멘텀 임계값 +0.3% 이상)"
2026-06-22 14:24:41,SELL_ORDER,000660,2896000,1,0000034909,10000000,3,"현재가 2,894,000원 기준"
2026-06-22 14:24:42,BALANCE_CHECK,000660,2895000,0,,10000000,2,주문 후 확인 | 체결 미확인 (지정가 미체결 가능)
2026-06-22 14:24:49,BALANCE_CHECK,000660,2894000,0,,10000000,2,주문 후 확인 | 매도 체결 추정 (3→2주)
2026-06-22 14:24:56,BALANCE_CHECK,005930,354000,0,,10000000,0,주문 전 | 전략=HOLD | 조건 미충족
2026-06-22 14:24:56,HOLD,005930,354000,0,,0,0,조건 미충족
2026-06-22 14:24:56,SELL_SKIP,005930,0,0,,0,0,보유수량 0
2026-06-22 14:24:59,BALANCE_CHECK,005930,354000,0,,10000000,0,주문 후 확인 | 체결 미확인 (지정가 미체결 가능)
2026-06-22 14:25:03,BALANCE_CHECK,000660,2900000,0,,10000000,0,주문 전 | 전략=HOLD | 조건 미충족
2026-06-22 14:25:03,HOLD,000660,2900000,0,,0,0,조건 미충족
2026-06-22 14:25:03,SELL_SKIP,000660,0,0,,0,0,보유수량 0
2026-06-22 14:25:08,BALANCE_CHECK,000660,2900000,0,,10000000,0,주문 후 확인 | 체결 미확인 (지정가 미체결 가능)
2026-06-22 14:25:17,BALANCE_CHECK,005930,354000,0,,10000000,0,주문 전 | 전략=HOLD | 조건 미충족
2026-06-22 14:25:17,HOLD,005930,354000,0,,0,0,조건 미충족
2026-06-22 14:25:17,SELL_SKIP,005930,0,0,,0,0,보유수량 0
2026-06-22 14:25:26,BALANCE_CHECK,005930,354000,0,,10000000,0,주문 후 확인 | 체결 미확인 (지정가 미체결 가능)
2026-06-22 14:25:28,BALANCE_CHECK,005930,354000,0,,10000000,0,주문 전 | 전략=HOLD | 조건 미충족
2026-06-22 14:25:28,HOLD,005930,354000,0,,0,0,조건 미충족
2026-06-22 14:25:28,SELL_SKIP,005930,0,0,,0,0,보유수량 0
2026-06-22 14:25:33,BALANCE_CHECK,000660,2900000,0,,10000000,0,주문 전 | 전략=BUY | 등락률 +4.92% (모멘텀 임계값 +0.3% 이상)
2026-06-22 14:25:33,BUY_ORDER,000660,2898000,1,0000034987,10000000,0,"현재가 2,900,000원 | 등락률 +4.92% (모멘텀 임계값 +0.3% 이상)"
2026-06-22 14:25:33,SELL_SKIP,000660,0,0,,0,0,보유수량 0
2026-06-22 14:25:36,BALANCE_CHECK,005930,354000,0,,10000000,0,주문 후 확인 | 체결 미확인 (지정가 미체결 가능)
2026-06-22 14:25:40,BALANCE_CHECK,000660,2900000,0,,10000000,0,주문 후 확인 | 체결 미확인 (지정가 미체결 가능)
2026-06-22 14:25:41,BALANCE_CHECK,000660,2899000,0,,10000000,0,주문 전 | 전략=BUY | 등락률 +4.88% (모멘텀 임계값 +0.3% 이상)
2026-06-22 14:25:41,BUY_ORDER,000660,2897000,1,0000034993,10000000,0,"현재가 2,899,000원 | 등락률 +4.88% (모멘텀 임계값 +0.3% 이상)"
2026-06-22 14:25:41,SELL_SKIP,000660,0,0,,0,0,보유수량 0
2026-06-22 14:25:45,BALANCE_CHECK,005930,354000,0,,10000000,0,주문 전 | 전략=HOLD | 조건 미충족
2026-06-22 14:25:45,HOLD,005930,354000,0,,0,0,조건 미충족
2026-06-22 14:25:45,SELL_SKIP,005930,0,0,,0,0,보유수량 0
2026-06-22 14:25:49,BALANCE_CHECK,000660,2899000,0,,10000000,0,주문 후 확인 | 체결 미확인 (지정가 미체결 가능)
2026-06-22 14:25:52,BALANCE_CHECK,005930,354000,0,,10000000,0,주문 후 확인 | 체결 미확인 (지정가 미체결 가능)
2026-06-22 14:25:56,BALANCE_CHECK,000660,2900000,0,,10000000,0,주문 전 | 전략=HOLD | 조건 미충족
2026-06-22 14:25:56,HOLD,000660,2900000,0,,0,0,조건 미충족
2026-06-22 14:25:56,SELL_SKIP,000660,0,0,,0,0,보유수량 0
2026-06-22 14:26:00,BALANCE_CHECK,000660,2900000,0,,10000000,0,주문 후 확인 | 체결 미확인 (지정가 미체결 가능)
2026-06-22 14:26:19,BALANCE_CHECK,005930,354500,0,,10000000,0,주문 전 | 전략=HOLD | 조건 미충족
2026-06-22 14:26:19,HOLD,005930,354500,0,,0,0,조건 미충족
2026-06-22 14:26:19,SELL_SKIP,005930,0,0,,0,0,보유수량 0
2026-06-22 14:26:24,BALANCE_CHECK,005930,354500,0,,10000000,0,주문 후 확인 | 체결 미확인 (지정가 미체결 가능)
2026-06-22 14:26:26,BALANCE_CHECK,005930,354750,0,,10000000,0,주문 전 | 전략=HOLD | 조건 미충족
2026-06-22 14:26:26,HOLD,005930,354750,0,,0,0,조건 미충족
2026-06-22 14:26:26,SELL_SKIP,005930,0,0,,0,0,보유수량 0
2026-06-22 14:26:28,BALANCE_CHECK,000660,2901000,0,,10000000,0,주문 전 | 전략=BUY | 등락률 +4.96% (모멘텀 임계값 +0.3% 이상)
2026-06-22 14:26:28,BUY_ORDER,000660,2899000,1,0000035042,10000000,0,"현재가 2,901,000원 | 등락률 +4.96% (모멘텀 임계값 +0.3% 이상)"
2026-06-22 14:26:28,SELL_SKIP,000660,0,0,,0,0,보유수량 0
2026-06-22 14:26:30,BALANCE_CHECK,005930,354750,0,,10000000,0,주문 후 확인 | 체결 미확인 (지정가 미체결 가능)
2026-06-22 14:26:31,BALANCE_CHECK,005930,354250,0,,10000000,0,주문 전 | 전략=HOLD | 조건 미충족
2026-06-22 14:26:31,HOLD,005930,354250,0,,0,0,조건 미충족
2026-06-22 14:26:31,SELL_SKIP,005930,0,0,,0,0,보유수량 0
2026-06-22 14:26:34,BALANCE_CHECK,000660,2901000,0,,10000000,0,주문 후 확인 | 체결 미확인 (지정가 미체결 가능)
2026-06-22 14:26:34,BALANCE_CHECK,005930,354250,0,,10000000,0,주문 후 확인 | 체결 미확인 (지정가 미체결 가능)
2026-06-22 14:26:37,BALANCE_CHECK,000660,2903000,0,,10000000,0,주문 전 | 전략=BUY | 등락률 +5.03% (모멘텀 임계값 +0.3% 이상)
2026-06-22 14:26:37,BALANCE_CHECK,000660,2903000,0,,10000000,0,주문 전 | 전략=HOLD | 조건 미충족
2026-06-22 14:26:37,HOLD,000660,2903000,0,,0,0,조건 미충족
2026-06-22 14:26:37,SELL_SKIP,000660,0,0,,0,0,보유수량 0
2026-06-22 14:26:39,BUY_ORDER,000660,2901000,1,,10000000,0,"현재가 2,903,000원 | 등락률 +5.03% (모멘텀 임계값 +0.3% 이상)"
2026-06-22 14:26:39,SELL_SKIP,000660,0,0,,0,0,보유수량 0
2026-06-22 14:26:46,BALANCE_CHECK,000660,2903000,0,,10000000,0,주문 후 확인 | 체결 미확인 (지정가 미체결 가능)
2026-06-22 14:26:47,BALANCE_CHECK,000660,2903000,0,,10000000,0,주문 후 확인 | 체결 미확인 (지정가 미체결 가능)
2026-06-22 14:27:12,BALANCE_CHECK,005930,353500,0,,10000000,0,주문 전 | 전략=HOLD | 조건 미충족
2026-06-22 14:27:12,HOLD,005930,353500,0,,0,0,조건 미충족
2026-06-22 14:27:12,SELL_SKIP,005930,0,0,,0,0,보유수량 0
2026-06-22 14:27:22,BALANCE_CHECK,005930,353500,0,,10000000,0,주문 후 확인 | 체결 미확인 (지정가 미체결 가능)
2026-06-22 14:27:26,BALANCE_CHECK,000660,2900000,0,,10000000,1,주문 전 | 전략=BUY | 등락률 +4.92% (모멘텀 임계값 +0.3% 이상)
2026-06-22 14:27:27,BALANCE_CHECK,005930,354000,0,,10000000,0,주문 전 | 전략=HOLD | 조건 미충족
2026-06-22 14:27:27,HOLD,005930,354000,0,,0,0,조건 미충족
2026-06-22 14:27:27,SELL_SKIP,005930,0,0,,0,0,보유수량 0
2026-06-22 14:27:30,BALANCE_CHECK,005930,354000,0,,10000000,0,주문 후 확인 | 체결 미확인 (지정가 미체결 가능)
2026-06-22 14:27:31,BUY_ORDER,000660,2898000,1,,10000000,1,"현재가 2,900,000원 | 등락률 +4.92% (모멘텀 임계값 +0.3% 이상)"
2026-06-22 14:27:33,SELL_ORDER,000660,2902000,1,0000035112,10000000,1,"현재가 2,900,000원 기준"
2026-06-22 14:27:35,BALANCE_CHECK,000660,2901000,0,,10000000,1,주문 전 | 전략=BUY | 등락률 +4.96% (모멘텀 임계값 +0.3% 이상)
2026-06-22 14:27:37,BUY_ORDER,000660,2899000,1,,10000000,1,"현재가 2,901,000원 | 등락률 +4.96% (모멘텀 임계값 +0.3% 이상)"
2026-06-22 14:27:37,SELL_ORDER,000660,2903000,1,,10000000,1,"현재가 2,901,000원 기준"
2026-06-22 14:27:41,BALANCE_CHECK,000660,2900000,0,,10000000,1,주문 후 확인 | 체결 미확인 (지정가 미체결 가능)
2026-06-22 14:27:47,BALANCE_CHECK,000660,2901000,0,,10000000,1,주문 후 확인 | 체결 미확인 (지정가 미체결 가능)
2026-06-22 14:28:24,BALANCE_CHECK,005930,354000,0,,10000000,0,주문 전 | 전략=HOLD | 조건 미충족
2026-06-22 14:28:24,HOLD,005930,354000,0,,0,0,조건 미충족
2026-06-22 14:28:24,SELL_SKIP,005930,0,0,,0,0,보유수량 0
2026-06-22 14:28:32,BALANCE_CHECK,005930,354000,0,,10000000,0,주문 후 확인 | 체결 미확인 (지정가 미체결 가능)
2026-06-22 14:28:40,BALANCE_CHECK,000660,2899000,0,,10000000,2,주문 전 | 전략=BUY | 등락률 +4.88% (모멘텀 임계값 +0.3% 이상)
2026-06-22 14:28:40,BUY_ORDER,000660,2897000,1,0000035152,10000000,2,"현재가 2,899,000원 | 등락률 +4.88% (모멘텀 임계값 +0.3% 이상)"
2026-06-22 14:28:41,SELL_ORDER,000660,2901000,1,0000035155,10000000,2,"현재가 2,899,000원 기준"
2026-06-22 14:28:48,BALANCE_CHECK,005930,354500,0,,10000000,0,주문 전 | 전략=HOLD | 조건 미충족
2026-06-22 14:28:48,HOLD,005930,354500,0,,0,0,조건 미충족
2026-06-22 14:28:48,SELL_SKIP,005930,0,0,,0,0,보유수량 0
2026-06-22 14:28:57,BALANCE_CHECK,005930,354500,0,,10000000,0,주문 후 확인 | 체결 미확인 (지정가 미체결 가능)
2026-06-22 14:28:59,BALANCE_CHECK,000660,2899000,0,,10000000,3,주문 후 확인 | 매수 체결 추정 (2→3주)
2026-06-22 14:29:11,BALANCE_CHECK,000660,2896000,0,,10000000,3,주문 전 | 전략=BUY | 등락률 +4.78% (모멘텀 임계값 +0.3% 이상)
2026-06-22 14:29:11,BUY_ORDER,000660,2894000,1,,10000000,3,"현재가 2,896,000원 | 등락률 +4.78% (모멘텀 임계값 +0.3% 이상)"
2026-06-22 14:29:17,SELL_ORDER,000660,2898000,1,0000035188,10000000,3,"현재가 2,896,000원 기준"
2026-06-22 14:29:22,BALANCE_CHECK,000660,2896000,0,,10000000,2,주문 후 확인 | 매도 체결 추정 (3→2주)
2026-06-22 14:29:33,BALANCE_CHECK,005930,354000,0,,10000000,0,주문 전 | 전략=HOLD | 조건 미충족
2026-06-22 14:29:33,HOLD,005930,354000,0,,0,0,조건 미충족
2026-06-22 14:29:33,SELL_SKIP,005930,0,0,,0,0,보유수량 0
2026-06-22 14:29:41,BALANCE_CHECK,005930,354000,0,,10000000,0,주문 후 확인 | 체결 미확인 (지정가 미체결 가능)
2026-06-22 14:29:47,BALANCE_CHECK,000660,2898000,0,,10000000,2,주문 전 | 전략=BUY | 등락률 +4.85% (모멘텀 임계값 +0.3% 이상)
2026-06-22 14:29:47,BUY_ORDER,000660,2896000,1,0000035225,10000000,2,"현재가 2,898,000원 | 등락률 +4.85% (모멘텀 임계값 +0.3% 이상)"
2026-06-22 14:29:48,SELL_ORDER,000660,2900000,1,0000035226,10000000,2,"현재가 2,898,000원 기준"
2026-06-22 14:29:53,BALANCE_CHECK,000660,2898000,0,,10000000,3,주문 후 확인 | 매수 체결 추정 (2→3주)
2026-06-22 14:29:55,BALANCE_CHECK,005930,354250,0,,10000000,0,주문 전 | 전략=HOLD | 조건 미충족
2026-06-22 14:29:55,HOLD,005930,354250,0,,0,0,조건 미충족
2026-06-22 14:29:55,SELL_SKIP,005930,0,0,,0,0,보유수량 0
2026-06-22 14:29:58,BALANCE_CHECK,005930,354250,0,,10000000,0,주문 후 확인 | 체결 미확인 (지정가 미체결 가능)
2026-06-22 14:30:02,BALANCE_CHECK,000660,2896000,0,,10000000,3,주문 전 | 전략=BUY | 등락률 +4.78% (모멘텀 임계값 +0.3% 이상)
2026-06-22 14:30:05,BUY_ORDER,000660,2894000,1,,10000000,3,"현재가 2,896,000원 | 등락률 +4.78% (모멘텀 임계값 +0.3% 이상)"
2026-06-22 14:30:08,SELL_ORDER,000660,2898000,1,0000035263,10000000,3,"현재가 2,896,000원 기준"
2026-06-22 14:30:18,BALANCE_CHECK,000660,2896000,0,,10000000,3,주문 후 확인 | 체결 미확인 (지정가 미체결 가능)
2026-06-22 14:30:32,BALANCE_CHECK,005930,353000,0,,10000000,0,주문 전 | 전략=HOLD | 조건 미충족
2026-06-22 14:30:32,HOLD,005930,353000,0,,0,0,조건 미충족
2026-06-22 14:30:32,SELL_SKIP,005930,0,0,,0,0,보유수량 0
2026-06-22 14:30:42,BALANCE_CHECK,005930,353000,0,,10000000,0,주문 후 확인 | 체결 미확인 (지정가 미체결 가능)
2026-06-22 14:30:51,BALANCE_CHECK,000660,2889000,0,,10000000,4,주문 전 | 전략=BUY | 등락률 +4.52% (모멘텀 임계값 +0.3% 이상)
2026-06-22 14:30:53,BUY_ORDER,000660,2887000,1,,10000000,4,"현재가 2,889,000원 | 등락률 +4.52% (모멘텀 임계값 +0.3% 이상)"
2026-06-22 14:30:53,SELL_ORDER,000660,2891000,1,0000035453,10000000,4,"현재가 2,889,000원 기준"
2026-06-22 14:30:55,BALANCE_CHECK,005930,353000,0,,10000000,0,주문 전 | 전략=HOLD | 조건 미충족
2026-06-22 14:30:55,HOLD,005930,353000,0,,0,0,조건 미충족
2026-06-22 14:30:55,SELL_SKIP,005930,0,0,,0,0,보유수량 0
2026-06-22 14:31:00,BALANCE_CHECK,000660,2889000,0,,10000000,3,주문 후 확인 | 매도 체결 추정 (4→3주)
2026-06-22 14:31:01,BALANCE_CHECK,005930,353000,0,,10000000,0,주문 후 확인 | 체결 미확인 (지정가 미체결 가능)
2026-06-22 14:31:07,BALANCE_CHECK,000660,2887000,0,,10000000,3,주문 전 | 전략=BUY | 등락률 +4.45% (모멘텀 임계값 +0.3% 이상)
2026-06-22 14:31:10,BUY_ORDER,000660,2885000,1,0000035487,10000000,3,"현재가 2,887,000원 | 등락률 +4.45% (모멘텀 임계값 +0.3% 이상)"
2026-06-22 14:31:11,SELL_ORDER,000660,2889000,1,,10000000,3,"현재가 2,887,000원 기준"
2026-06-22 14:31:18,BALANCE_CHECK,000660,2887000,0,,10000000,3,주문 후 확인 | 체결 미확인 (지정가 미체결 가능)
2026-06-22 14:31:41,BALANCE_CHECK,005930,353000,0,,10000000,0,주문 전 | 전략=HOLD | 조건 미충족
2026-06-22 14:31:41,HOLD,005930,353000,0,,0,0,조건 미충족
2026-06-22 14:31:41,SELL_SKIP,005930,0,0,,0,0,보유수량 0
2026-06-22 14:31:50,BALANCE_CHECK,005930,353000,0,,10000000,0,주문 후 확인 | 체결 미확인 (지정가 미체결 가능)
2026-06-22 14:31:58,BALANCE_CHECK,000660,2890000,0,,10000000,3,주문 전 | 전략=BUY | 등락률 +4.56% (모멘텀 임계값 +0.3% 이상)
2026-06-22 14:32:00,BUY_ORDER,000660,2888000,1,,10000000,3,"현재가 2,890,000원 | 등락률 +4.56% (모멘텀 임계값 +0.3% 이상)"
2026-06-22 14:32:00,SELL_ORDER,000660,2892000,1,,10000000,3,"현재가 2,890,000원 기준"
2026-06-22 14:32:03,BALANCE_CHECK,005930,353500,0,,10000000,0,주문 전 | 전략=HOLD | 조건 미충족
2026-06-22 14:32:03,HOLD,005930,353500,0,,0,0,조건 미충족
2026-06-22 14:32:03,SELL_SKIP,005930,0,0,,0,0,보유수량 0
2026-06-22 14:32:04,BALANCE_CHECK,000660,2890000,0,,10000000,3,주문 후 확인 | 체결 미확인 (지정가 미체결 가능)
2026-06-22 14:32:12,BALANCE_CHECK,005930,353500,0,,10000000,0,주문 후 확인 | 체결 미확인 (지정가 미체결 가능)
2026-06-22 14:32:18,BALANCE_CHECK,000660,2887000,0,,10000000,3,주문 전 | 전략=BUY | 등락률 +4.45% (모멘텀 임계값 +0.3% 이상)
2026-06-22 14:32:18,BUY_ORDER,000660,2885000,1,,10000000,3,"현재가 2,887,000원 | 등락률 +4.45% (모멘텀 임계값 +0.3% 이상)"
2026-06-22 14:32:20,SELL_ORDER,000660,2889000,1,,10000000,3,"현재가 2,887,000원 기준"
2026-06-22 14:32:25,BALANCE_CHECK,000660,2887000,0,,10000000,3,주문 후 확인 | 체결 미확인 (지정가 미체결 가능)
2026-06-22 14:32:39,BALANCE_CHECK,005930,352500,0,,10000000,0,주문 전 | 전략=HOLD | 조건 미충족
2026-06-22 14:32:39,HOLD,005930,352500,0,,0,0,조건 미충족
2026-06-22 14:32:39,SELL_SKIP,005930,0,0,,0,0,보유수량 0
2026-06-22 14:32:43,BALANCE_CHECK,005930,352500,0,,10000000,0,주문 후 확인 | 체결 미확인 (지정가 미체결 가능)
2026-06-22 14:32:53,BALANCE_CHECK,000660,2887000,0,,10000000,5,주문 전 | 전략=BUY | 등락률 +4.45% (모멘텀 임계값 +0.3% 이상) + RSI=47.8 (추세 확인 → 매수)
2026-06-22 14:32:55,BUY_ORDER,000660,2885000,1,,10000000,5,"현재가 2,887,000원 | 등락률 +4.45% (모멘텀 임계값 +0.3% 이상) + RSI=47.8 (추세 확인 → 매수)"
2026-06-22 14:32:55,SELL_ORDER,000660,2889000,1,0000035605,10000000,5,"현재가 2,887,000원 기준"
2026-06-22 14:32:59,BALANCE_CHECK,000660,2887000,0,,10000000,4,주문 후 확인 | 매도 체결 추정 (5→4주)
2026-06-22 14:33:04,BALANCE_CHECK,005930,352500,0,,10000000,0,주문 전 | 전략=HOLD | 조건 미충족
2026-06-22 14:33:04,HOLD,005930,352500,0,,0,0,조건 미충족
2026-06-22 14:33:04,SELL_SKIP,005930,0,0,,0,0,보유수량 0
2026-06-22 14:33:15,BALANCE_CHECK,005930,352500,0,,10000000,0,주문 후 확인 | 체결 미확인 (지정가 미체결 가능)
2026-06-22 14:33:18,BALANCE_CHECK,000660,2891000,0,,10000000,4,주문 전 | 전략=BUY | 등락률 +4.59% (모멘텀 임계값 +0.3% 이상)
2026-06-22 14:33:21,BUY_ORDER,000660,2889000,1,0000035641,10000000,4,"현재가 2,891,000원 | 등락률 +4.59% (모멘텀 임계값 +0.3% 이상)"
2026-06-22 14:33:23,SELL_ORDER,000660,2893000,1,0000035647,10000000,4,"현재가 2,891,000원 기준"
2026-06-22 14:33:26,BALANCE_CHECK,000660,2891000,0,,10000000,3,주문 후 확인 | 매도 체결 추정 (4→3주)
2026-06-22 14:33:34,BALANCE_CHECK,005930,353000,0,,10000000,0,주문 전 | 전략=HOLD | 조건 미충족
2026-06-22 14:33:34,HOLD,005930,353000,0,,0,0,조건 미충족
2026-06-22 14:33:34,SELL_SKIP,005930,0,0,,0,0,보유수량 0
2026-06-22 14:33:44,BALANCE_CHECK,005930,353000,0,,10000000,0,주문 후 확인 | 체결 미확인 (지정가 미체결 가능)
2026-06-22 14:33:47,BALANCE_CHECK,000660,2892000,0,,10000000,3,주문 전 | 전략=BUY | 등락률 +4.63% (모멘텀 임계값 +0.3% 이상) + RSI=52.9 (추세 확인 → 매수)
2026-06-22 14:33:51,BUY_ORDER,000660,2890000,1,0000035686,10000000,3,"현재가 2,892,000원 | 등락률 +4.63% (모멘텀 임계값 +0.3% 이상) + RSI=52.9 (추세 확인 → 매수)"
2026-06-22 14:33:52,SELL_ORDER,000660,2894000,1,0000035690,10000000,3,"현재가 2,892,000원 기준"
2026-06-22 14:33:55,BALANCE_CHECK,000660,2892000,0,,10000000,5,주문 후 확인 | 매수 체결 추정 (3→5주)
2026-06-22 14:33:59,BALANCE_CHECK,005930,352500,0,,10000000,0,주문 전 | 전략=HOLD | 조건 미충족
2026-06-22 14:33:59,HOLD,005930,352500,0,,0,0,조건 미충족
2026-06-22 14:33:59,SELL_SKIP,005930,0,0,,0,0,보유수량 0
2026-06-22 14:34:09,BALANCE_CHECK,005930,352500,0,,10000000,0,주문 후 확인 | 체결 미확인 (지정가 미체결 가능)
2026-06-22 14:34:15,BALANCE_CHECK,000660,2891000,0,,10000000,5,주문 전 | 전략=BUY | 등락률 +4.59% (모멘텀 임계값 +0.3% 이상)
2026-06-22 14:34:18,BUY_ORDER,000660,2889000,1,,10000000,5,"현재가 2,891,000원 | 등락률 +4.59% (모멘텀 임계값 +0.3% 이상)"
2026-06-22 14:34:20,SELL_ORDER,000660,2893000,1,0000035722,10000000,5,"현재가 2,891,000원 기준"
2026-06-22 14:34:29,BALANCE_CHECK,000660,2891000,0,,10000000,4,주문 후 확인 | 매도 체결 추정 (5→4주)
2026-06-22 14:34:34,BALANCE_CHECK,005930,353000,0,,10000000,0,주문 전 | 전략=HOLD | 조건 미충족
2026-06-22 14:34:34,HOLD,005930,353000,0,,0,0,조건 미충족
2026-06-22 14:34:34,SELL_SKIP,005930,0,0,,0,0,보유수량 0
2026-06-22 14:34:43,BALANCE_CHECK,005930,353000,0,,10000000,0,주문 후 확인 | 체결 미확인 (지정가 미체결 가능)
2026-06-22 14:34:47,BALANCE_CHECK,000660,2895000,0,,10000000,3,주문 전 | 전략=BUY | 등락률 +4.74% (모멘텀 임계값 +0.3% 이상) + RSI=57.7 (추세 확인 → 매수)
2026-06-22 14:34:49,BUY_ORDER,000660,2893000,1,0000035757,10000000,3,"현재가 2,895,000원 | 등락률 +4.74% (모멘텀 임계값 +0.3% 이상) + RSI=57.7 (추세 확인 → 매수)"
2026-06-22 14:34:49,SELL_ORDER,000660,2897000,1,,10000000,3,"현재가 2,895,000원 기준"
2026-06-22 14:34:53,BALANCE_CHECK,000660,2895000,0,,10000000,3,주문 후 확인 | 체결 미확인 (지정가 미체결 가능)
2026-06-22 14:35:03,BALANCE_CHECK,005930,353000,0,,10000000,0,주문 전 | 전략=HOLD | 조건 미충족
2026-06-22 14:35:03,HOLD,005930,353000,0,,0,0,조건 미충족
2026-06-22 14:35:03,SELL_SKIP,005930,0,0,,0,0,보유수량 0
2026-06-22 14:35:06,BALANCE_CHECK,005930,353000,0,,10000000,0,주문 후 확인 | 체결 미확인 (지정가 미체결 가능)
2026-06-22 14:35:09,BALANCE_CHECK,005930,352500,0,,10000000,0,주문 전 | 전략=HOLD | 조건 미충족
2026-06-22 14:35:09,HOLD,005930,352500,0,,0,0,조건 미충족
2026-06-22 14:35:09,SELL_SKIP,005930,0,0,,0,0,보유수량 0
2026-06-22 14:35:12,BALANCE_CHECK,005930,352500,0,,10000000,0,주문 후 확인 | 체결 미확인 (지정가 미체결 가능)
2026-06-22 14:35:15,BALANCE_CHECK,000660,2901000,0,,10000000,0,주문 전 | 전략=BUY | 등락률 +4.96% (모멘텀 임계값 +0.3% 이상) + RSI=63.3 (추세 확인 → 매수)
2026-06-22 14:35:15,BUY_ORDER,000660,2899000,1,0000035786,10000000,0,"현재가 2,901,000원 | 등락률 +4.96% (모멘텀 임계값 +0.3% 이상) + RSI=63.3 (추세 확인 → 매수)"
2026-06-22 14:35:15,SELL_SKIP,000660,0,0,,0,0,보유수량 0
2026-06-22 14:35:19,BALANCE_CHECK,000660,2901000,0,,10000000,1,주문 후 확인 | 매수 체결 추정 (0→1주)
2026-06-22 14:35:27,BALANCE_CHECK,005930,354000,0,,10000000,0,주문 전 | 전략=HOLD | 조건 미충족
2026-06-22 14:35:27,HOLD,005930,354000,0,,0,0,조건 미충족
2026-06-22 14:35:27,SELL_SKIP,005930,0,0,,0,0,보유수량 0
2026-06-22 14:35:31,BALANCE_CHECK,005930,354000,0,,10000000,0,주문 후 확인 | 체결 미확인 (지정가 미체결 가능)
2026-06-22 14:35:35,BALANCE_CHECK,000660,2900000,0,,10000000,1,주문 전 | 전략=BUY | 등락률 +4.92% (모멘텀 임계값 +0.3% 이상) + RSI=56.0 (추세 확인 → 매수)
2026-06-22 14:35:35,BUY_ORDER,000660,2898000,1,0000035809,10000000,1,"현재가 2,900,000원 | 등락률 +4.92% (모멘텀 임계값 +0.3% 이상) + RSI=56.0 (추세 확인 → 매수)"
2026-06-22 14:35:36,SELL_ORDER,000660,2902000,1,0000035811,10000000,1,"현재가 2,900,000원 기준"
2026-06-22 14:35:43,BALANCE_CHECK,000660,2900000,0,,10000000,2,주문 후 확인 | 매수 체결 추정 (1→2주)
2026-06-22 14:35:53,BALANCE_CHECK,005930,354000,0,,10000000,0,주문 전 | 전략=HOLD | 조건 미충족
2026-06-22 14:35:53,HOLD,005930,354000,0,,0,0,조건 미충족
2026-06-22 14:35:53,SELL_SKIP,005930,0,0,,0,0,보유수량 0
2026-06-22 14:35:57,BALANCE_CHECK,005930,354000,0,,10000000,0,주문 후 확인 | 체결 미확인 (지정가 미체결 가능)
2026-06-22 14:35:59,BALANCE_CHECK,000660,2899000,0,,10000000,2,주문 전 | 전략=BUY | 등락률 +4.88% (모멘텀 임계값 +0.3% 이상) + RSI=53.5 (추세 확인 → 매수)
2026-06-22 14:36:02,BUY_ORDER,000660,2897000,1,0000035841,10000000,2,"현재가 2,899,000원 | 등락률 +4.88% (모멘텀 임계값 +0.3% 이상) + RSI=53.5 (추세 확인 → 매수)"
2026-06-22 14:36:04,SELL_ORDER,000660,2901000,1,0000035843,10000000,2,"현재가 2,899,000원 기준"
2026-06-22 14:36:14,BALANCE_CHECK,000660,2899000,0,,10000000,1,주문 후 확인 | 매도 체결 추정 (2→1주)
2026-06-22 14:36:24,BALANCE_CHECK,005930,354000,0,,10000000,0,주문 전 | 전략=HOLD | 조건 미충족
2026-06-22 14:36:24,HOLD,005930,354000,0,,0,0,조건 미충족
2026-06-22 14:36:24,SELL_SKIP,005930,0,0,,0,0,보유수량 0
2026-06-22 14:36:36,BALANCE_CHECK,005930,354000,0,,10000000,0,주문 후 확인 | 체결 미확인 (지정가 미체결 가능)
2026-06-22 14:36:37,BALANCE_CHECK,005930,353500,0,,10000000,0,주문 전 | 전략=HOLD | 조건 미충족
2026-06-22 14:36:37,HOLD,005930,353500,0,,0,0,조건 미충족
2026-06-22 14:36:37,SELL_SKIP,005930,0,0,,0,0,보유수량 0
2026-06-22 14:36:38,BALANCE_CHECK,000660,2903000,0,,10000000,0,주문 전 | 전략=BUY | 등락률 +5.03% (모멘텀 임계값 +0.3% 이상) + RSI=54.2 (추세 확인 → 매수)
2026-06-22 14:36:40,BUY_ORDER,000660,2901000,1,0000035886,10000000,0,"현재가 2,903,000원 | 등락률 +5.03% (모멘텀 임계값 +0.3% 이상) + RSI=54.2 (추세 확인 → 매수)"
2026-06-22 14:36:40,SELL_SKIP,000660,0,0,,0,0,보유수량 0
2026-06-22 14:36:41,BALANCE_CHECK,005930,353500,0,,10000000,0,주문 후 확인 | 체결 미확인 (지정가 미체결 가능)
2026-06-22 14:36:44,BALANCE_CHECK,000660,2903000,0,,10000000,0,주문 전 | 전략=HOLD | 조건 미충족
2026-06-22 14:36:44,HOLD,000660,2903000,0,,0,0,조건 미충족
2026-06-22 14:36:44,SELL_SKIP,000660,0,0,,0,0,보유수량 0
2026-06-22 14:36:49,BALANCE_CHECK,000660,2903000,0,,10000000,1,주문 후 확인 | 매수 체결 추정 (0→1주)
2026-06-22 14:36:54,BALANCE_CHECK,005930,354000,0,,10000000,0,주문 전 | 전략=HOLD | 조건 미충족
2026-06-22 14:36:54,HOLD,005930,354000,0,,0,0,조건 미충족
2026-06-22 14:36:54,SELL_SKIP,005930,0,0,,0,0,보유수량 0
2026-06-22 14:36:57,BALANCE_CHECK,005930,354000,0,,10000000,0,주문 후 확인 | 체결 미확인 (지정가 미체결 가능)
2026-06-22 14:36:58,BALANCE_CHECK,000660,2903000,0,,10000000,1,주문 전 | 전략=BUY | 등락률 +5.03% (모멘텀 임계값 +0.3% 이상) + RSI=54.5 (추세 확인 → 매수)
2026-06-22 14:37:00,BUY_ORDER,000660,2901000,1,0000035896,10000000,1,"현재가 2,903,000원 | 등락률 +5.03% (모멘텀 임계값 +0.3% 이상) + RSI=54.5 (추세 확인 → 매수)"
2026-06-22 14:37:00,SELL_ORDER,000660,2905000,1,0000035897,10000000,1,"현재가 2,903,000원 기준"
2026-06-22 14:37:04,BALANCE_CHECK,000660,2903000,0,,10000000,1,주문 후 확인 | 체결 미확인 (지정가 미체결 가능)
2026-06-22 14:37:21,BALANCE_CHECK,005930,354000,0,,10000000,0,주문 전 | 전략=HOLD | 조건 미충족
2026-06-22 14:37:21,HOLD,005930,354000,0,,0,0,조건 미충족
2026-06-22 14:37:21,SELL_SKIP,005930,0,0,,0,0,보유수량 0
2026-06-22 14:37:25,BALANCE_CHECK,005930,354000,0,,10000000,0,주문 후 확인 | 체결 미확인 (지정가 미체결 가능)
2026-06-22 14:37:36,BALANCE_CHECK,005930,354250,0,,10000000,0,주문 전 | 전략=HOLD | 조건 미충족
2026-06-22 14:37:36,HOLD,005930,354250,0,,0,0,조건 미충족
2026-06-22 14:37:36,SELL_SKIP,005930,0,0,,0,0,보유수량 0
2026-06-22 14:37:43,BALANCE_CHECK,000660,2904000,0,,10000000,2,주문 전 | 전략=BUY | 등락률 +5.07% (모멘텀 임계값 +0.3% 이상) + RSI=61.4 (추세 확인 → 매수)
2026-06-22 14:37:43,BUY_ORDER,000660,2902000,1,0000035937,10000000,2,"현재가 2,904,000원 | 등락률 +5.07% (모멘텀 임계값 +0.3% 이상) + RSI=61.4 (추세 확인 → 매수)"
2026-06-22 14:37:47,BALANCE_CHECK,005930,354250,0,,10000000,0,주문 후 확인 | 체결 미확인 (지정가 미체결 가능)
2026-06-22 14:37:47,SELL_ORDER,000660,2906000,1,0000035940,10000000,2,"현재가 2,904,000원 기준"
2026-06-22 14:37:51,BALANCE_CHECK,000660,2904000,0,,10000000,3,주문 후 확인 | 매수 체결 추정 (2→3주)
2026-06-22 14:37:55,BALANCE_CHECK,000660,2900000,0,,10000000,3,주문 전 | 전략=BUY | 등락률 +4.92% (모멘텀 임계값 +0.3% 이상) + RSI=55.8 (추세 확인 → 매수)
2026-06-22 14:37:59,BUY_ORDER,000660,2898000,1,,10000000,3,"현재가 2,900,000원 | 등락률 +4.92% (모멘텀 임계값 +0.3% 이상) + RSI=55.8 (추세 확인 → 매수)"
2026-06-22 14:37:59,SELL_ORDER,000660,2902000,1,0000035948,10000000,3,"현재가 2,900,000원 기준"
2026-06-22 14:38:12,BALANCE_CHECK,000660,2900000,0,,10000000,3,주문 후 확인 | 체결 미확인 (지정가 미체결 가능)
2026-06-22 14:38:28,BALANCE_CHECK,005930,354250,0,,10000000,0,주문 전 | 전략=HOLD | 조건 미충족
2026-06-22 14:38:28,HOLD,005930,354250,0,,0,0,조건 미충족
2026-06-22 14:38:28,SELL_SKIP,005930,0,0,,0,0,보유수량 0
2026-06-22 14:38:36,BALANCE_CHECK,005930,354250,0,,10000000,0,주문 후 확인 | 체결 미확인 (지정가 미체결 가능)
2026-06-22 14:38:40,BALANCE_CHECK,000660,2898000,0,,10000000,4,주문 전 | 전략=BUY | 등락률 +4.85% (모멘텀 임계값 +0.3% 이상) + RSI=54.0 (추세 확인 → 매수)
2026-06-22 14:38:40,BUY_ORDER,000660,2896000,1,,10000000,4,"현재가 2,898,000원 | 등락률 +4.85% (모멘텀 임계값 +0.3% 이상) + RSI=54.0 (추세 확인 → 매수)"
2026-06-22 14:38:44,BALANCE_CHECK,005930,354000,0,,10000000,0,주문 전 | 전략=HOLD | 조건 미충족
2026-06-22 14:38:44,HOLD,005930,354000,0,,0,0,조건 미충족
2026-06-22 14:38:44,SELL_SKIP,005930,0,0,,0,0,보유수량 0
2026-06-22 14:38:44,SELL_ORDER,000660,2900000,1,0000035976,10000000,4,"현재가 2,898,000원 기준"
2026-06-22 14:38:48,BALANCE_CHECK,000660,2898000,0,,10000000,4,주문 후 확인 | 체결 미확인 (지정가 미체결 가능)
2026-06-22 14:38:51,BALANCE_CHECK,005930,354000,0,,10000000,0,주문 후 확인 | 체결 미확인 (지정가 미체결 가능)
2026-06-22 14:38:56,BALANCE_CHECK,000660,2895000,0,,10000000,4,주문 전 | 전략=BUY | 등락률 +4.74% (모멘텀 임계값 +0.3% 이상) + RSI=50.0 (추세 확인 → 매수)
2026-06-22 14:38:56,BUY_ORDER,000660,2893000,1,,10000000,4,"현재가 2,895,000원 | 등락률 +4.74% (모멘텀 임계값 +0.3% 이상) + RSI=50.0 (추세 확인 → 매수)"
2026-06-22 14:38:58,SELL_ORDER,000660,2897000,1,,10000000,4,"현재가 2,895,000원 기준"
2026-06-22 14:39:02,BALANCE_CHECK,000660,2895000,0,,10000000,4,주문 후 확인 | 체결 미확인 (지정가 미체결 가능)
2026-06-22 14:39:21,BALANCE_CHECK,005930,353500,0,,10000000,0,주문 전 | 전략=HOLD | 조건 미충족
2026-06-22 14:39:21,HOLD,005930,353500,0,,0,0,조건 미충족
2026-06-22 14:39:21,SELL_SKIP,005930,0,0,,0,0,보유수량 0
2026-06-22 14:39:29,BALANCE_CHECK,005930,353500,0,,10000000,0,주문 후 확인 | 체결 미확인 (지정가 미체결 가능)
2026-06-22 14:39:37,BALANCE_CHECK,000660,2893000,0,,10000000,5,주문 전 | 전략=BUY | 등락률 +4.67% (모멘텀 임계값 +0.3% 이상) + RSI=44.0 (추세 확인 → 매수)
2026-06-22 14:39:37,BUY_ORDER,000660,2891000,1,,10000000,5,"현재가 2,893,000원 | 등락률 +4.67% (모멘텀 임계값 +0.3% 이상) + RSI=44.0 (추세 확인 → 매수)"
2026-06-22 14:39:39,SELL_ORDER,000660,2895000,1,0000036025,10000000,5,"현재가 2,893,000원 기준"
2026-06-22 14:39:42,BALANCE_CHECK,005930,353500,0,,10000000,0,주문 전 | 전략=HOLD | 조건 미충족
2026-06-22 14:39:42,HOLD,005930,353500,0,,0,0,조건 미충족
2026-06-22 14:39:42,SELL_SKIP,005930,0,0,,0,0,보유수량 0
2026-06-22 14:39:44,BALANCE_CHECK,000660,2893000,0,,10000000,5,주문 후 확인 | 체결 미확인 (지정가 미체결 가능)
2026-06-22 14:39:46,BALANCE_CHECK,005930,353500,0,,10000000,0,주문 후 확인 | 체결 미확인 (지정가 미체결 가능)
2026-06-22 14:39:48,BALANCE_CHECK,000660,2894000,0,,10000000,5,주문 전 | 전략=BUY | 등락률 +4.70% (모멘텀 임계값 +0.3% 이상) + RSI=43.2 (추세 확인 → 매수)
2026-06-22 14:39:50,BUY_ORDER,000660,2892000,1,,10000000,5,"현재가 2,894,000원 | 등락률 +4.70% (모멘텀 임계값 +0.3% 이상) + RSI=43.2 (추세 확인 → 매수)"
2026-06-22 14:39:52,SELL_ORDER,000660,2896000,1,,10000000,5,"현재가 2,894,000원 기준"
2026-06-22 14:40:00,BALANCE_CHECK,000660,2894000,0,,10000000,5,주문 후 확인 | 체결 미확인 (지정가 미체결 가능)
2026-06-22 14:40:22,BALANCE_CHECK,005930,353500,0,,10000000,0,주문 전 | 전략=HOLD | 조건 미충족
2026-06-22 14:40:22,HOLD,005930,353500,0,,0,0,조건 미충족
2026-06-22 14:40:22,SELL_SKIP,005930,0,0,,0,0,보유수량 0
2026-06-22 14:40:28,BALANCE_CHECK,005930,353500,0,,10000000,0,주문 후 확인 | 체결 미확인 (지정가 미체결 가능)
2026-06-22 14:40:35,BALANCE_CHECK,000660,2890000,0,,10000000,4,주문 전 | 전략=BUY | 등락률 +4.56% (모멘텀 임계값 +0.3% 이상) + RSI=36.7 (추세 확인 → 매수)
2026-06-22 14:40:35,BUY_ORDER,000660,2888000,1,0000036074,10000000,4,"현재가 2,890,000원 | 등락률 +4.56% (모멘텀 임계값 +0.3% 이상) + RSI=36.7 (추세 확인 → 매수)"
2026-06-22 14:40:38,BALANCE_CHECK,005930,353500,0,,10000000,0,주문 전 | 전략=HOLD | 조건 미충족
2026-06-22 14:40:38,HOLD,005930,353500,0,,0,0,조건 미충족
2026-06-22 14:40:38,SELL_SKIP,005930,0,0,,0,0,보유수량 0
2026-06-22 14:40:42,SELL_ORDER,000660,2892000,1,,10000000,4,"현재가 2,890,000원 기준"
2026-06-22 14:40:46,BALANCE_CHECK,005930,353500,0,,10000000,0,주문 후 확인 | 체결 미확인 (지정가 미체결 가능)
2026-06-22 14:40:51,BALANCE_CHECK,000660,2890000,0,,10000000,4,주문 후 확인 | 체결 미확인 (지정가 미체결 가능)
2026-06-22 14:40:52,BALANCE_CHECK,000660,2895000,0,,10000000,4,주문 전 | 전략=BUY | 등락률 +4.74% (모멘텀 임계값 +0.3% 이상) + RSI=43.2 (추세 확인 → 매수)
2026-06-22 14:40:52,BUY_ORDER,000660,2893000,1,,10000000,4,"현재가 2,895,000원 | 등락률 +4.74% (모멘텀 임계값 +0.3% 이상) + RSI=43.2 (추세 확인 → 매수)"
2026-06-22 14:40:53,SELL_ORDER,000660,2897000,1,,10000000,4,"현재가 2,895,000원 기준"
2026-06-22 14:41:00,BALANCE_CHECK,000660,2895000,0,,10000000,4,주문 후 확인 | 체결 미확인 (지정가 미체결 가능)
2026-06-22 14:41:33,BALANCE_CHECK,005930,353750,0,,10000000,0,주문 전 | 전략=HOLD | 조건 미충족
2026-06-22 14:41:33,HOLD,005930,353750,0,,0,0,조건 미충족
2026-06-22 14:41:33,SELL_SKIP,005930,0,0,,0,0,보유수량 0
2026-06-22 14:41:38,BALANCE_CHECK,005930,353500,0,,10000000,0,주문 전 | 전략=HOLD | 조건 미충족
2026-06-22 14:41:38,HOLD,005930,353500,0,,0,0,조건 미충족
2026-06-22 14:41:38,SELL_SKIP,005930,0,0,,0,0,보유수량 0
2026-06-22 14:41:41,BALANCE_CHECK,005930,353750,0,,10000000,0,주문 후 확인 | 체결 미확인 (지정가 미체결 가능)
2026-06-22 14:41:47,BALANCE_CHECK,005930,353500,0,,10000000,0,주문 후 확인 | 체결 미확인 (지정가 미체결 가능)
2026-06-22 14:41:48,BALANCE_CHECK,000660,2889000,0,,10000000,5,주문 전 | 전략=BUY | 등락률 +4.52% (모멘텀 임계값 +0.3% 이상) + RSI=37.5 (추세 확인 → 매수)
2026-06-22 14:41:49,BUY_ORDER,000660,2887000,1,,10000000,5,"현재가 2,889,000원 | 등락률 +4.52% (모멘텀 임계값 +0.3% 이상) + RSI=37.5 (추세 확인 → 매수)"
2026-06-22 14:41:51,SELL_ORDER,000660,2891000,1,0000036130,10000000,5,"현재가 2,889,000원 기준"
2026-06-22 14:41:55,BALANCE_CHECK,000660,2889000,0,,10000000,5,주문 후 확인 | 체결 미확인 (지정가 미체결 가능)
2026-06-22 14:41:58,BALANCE_CHECK,000660,2889000,0,,10000000,5,주문 전 | 전략=BUY | 등락률 +4.52% (모멘텀 임계값 +0.3% 이상) + RSI=38.8 (추세 확인 → 매수)
2026-06-22 14:41:59,BUY_ORDER,000660,2887000,1,,10000000,5,"현재가 2,889,000원 | 등락률 +4.52% (모멘텀 임계값 +0.3% 이상) + RSI=38.8 (추세 확인 → 매수)"
2026-06-22 14:42:02,SELL_ORDER,000660,2891000,1,,10000000,5,"현재가 2,889,000원 기준"
2026-06-22 14:42:14,BALANCE_CHECK,000660,2889000,0,,10000000,5,주문 후 확인 | 체결 미확인 (지정가 미체결 가능)
2026-06-22 14:42:30,BALANCE_CHECK,005930,353500,0,,10000000,0,주문 전 | 전략=HOLD | 조건 미충족
2026-06-22 14:42:30,HOLD,005930,353500,0,,0,0,조건 미충족
2026-06-22 14:42:30,SELL_SKIP,005930,0,0,,0,0,보유수량 0
2026-06-22 14:42:41,BALANCE_CHECK,005930,353500,0,,10000000,0,주문 후 확인 | 체결 미확인 (지정가 미체결 가능)
2026-06-22 14:42:45,BALANCE_CHECK,000660,2887000,0,,10000000,4,주문 전 | 전략=BUY | 등락률 +4.45% (모멘텀 임계값 +0.3% 이상) + RSI=37.5 (추세 확인 → 매수)
2026-06-22 14:42:47,BUY_ORDER,000660,2885000,1,0000036176,10000000,4,"현재가 2,887,000원 | 등락률 +4.45% (모멘텀 임계값 +0.3% 이상) + RSI=37.5 (추세 확인 → 매수)"
2026-06-22 14:42:49,SELL_ORDER,000660,2889000,1,,10000000,4,"현재가 2,887,000원 기준"
2026-06-22 14:42:50,BALANCE_CHECK,005930,353250,0,,10000000,0,주문 전 | 전략=HOLD | 조건 미충족
2026-06-22 14:42:50,HOLD,005930,353250,0,,0,0,조건 미충족
2026-06-22 14:42:50,SELL_SKIP,005930,0,0,,0,0,보유수량 0
2026-06-22 14:42:52,BALANCE_CHECK,000660,2887000,0,,10000000,4,주문 후 확인 | 체결 미확인 (지정가 미체결 가능)
2026-06-22 14:42:59,BALANCE_CHECK,005930,353250,0,,10000000,0,주문 후 확인 | 체결 미확인 (지정가 미체결 가능)
2026-06-22 14:43:01,BALANCE_CHECK,000660,2890000,0,,10000000,4,주문 전 | 전략=BUY | 등락률 +4.56% (모멘텀 임계값 +0.3% 이상) + RSI=43.5 (추세 확인 → 매수)
2026-06-22 14:43:06,BUY_ORDER,000660,2888000,1,,10000000,4,"현재가 2,890,000원 | 등락률 +4.56% (모멘텀 임계값 +0.3% 이상) + RSI=43.5 (추세 확인 → 매수)"
2026-06-22 14:43:06,SELL_ORDER,000660,2892000,1,,10000000,4,"현재가 2,890,000원 기준"
2026-06-22 14:43:15,BALANCE_CHECK,000660,2890000,0,,10000000,4,주문 후 확인 | 체결 미확인 (지정가 미체결 가능)
2026-06-22 14:43:24,BALANCE_CHECK,005930,353500,0,,10000000,0,주문 전 | 전략=HOLD | 조건 미충족
2026-06-22 14:43:24,HOLD,005930,353500,0,,0,0,조건 미충족
2026-06-22 14:43:24,SELL_SKIP,005930,0,0,,0,0,보유수량 0
2026-06-22 14:43:33,BALANCE_CHECK,005930,353500,0,,10000000,0,주문 후 확인 | 체결 미확인 (지정가 미체결 가능)
2026-06-22 14:43:41,BALANCE_CHECK,000660,2884000,0,,10000000,5,주문 전 | 전략=BUY | 등락률 +4.34% (모멘텀 임계값 +0.3% 이상) + RSI=36.0 (추세 확인 → 매수)
2026-06-22 14:43:42,BUY_ORDER,000660,2882000,1,,10000000,5,"현재가 2,884,000원 | 등락률 +4.34% (모멘텀 임계값 +0.3% 이상) + RSI=36.0 (추세 확인 → 매수)"
2026-06-22 14:43:42,SELL_ORDER,000660,2886000,1,0000036220,10000000,5,"현재가 2,884,000원 기준"
2026-06-22 14:43:50,BALANCE_CHECK,000660,2884000,0,,10000000,4,주문 후 확인 | 매도 체결 추정 (5→4주)
2026-06-22 14:43:51,BALANCE_CHECK,005930,353000,0,,10000000,0,주문 전 | 전략=HOLD | 조건 미충족
2026-06-22 14:43:51,HOLD,005930,353000,0,,0,0,조건 미충족
2026-06-22 14:43:51,SELL_SKIP,005930,0,0,,0,0,보유수량 0
2026-06-22 14:43:55,BALANCE_CHECK,005930,353000,0,,10000000,0,주문 후 확인 | 체결 미확인 (지정가 미체결 가능)
2026-06-22 14:44:00,BALANCE_CHECK,000660,2888000,0,,10000000,4,주문 전 | 전략=BUY | 등락률 +4.49% (모멘텀 임계값 +0.3% 이상) + RSI=41.7 (추세 확인 → 매수)
2026-06-22 14:44:00,BUY_ORDER,000660,2886000,1,0000036230,10000000,4,"현재가 2,888,000원 | 등락률 +4.49% (모멘텀 임계값 +0.3% 이상) + RSI=41.7 (추세 확인 → 매수)"
2026-06-22 14:44:02,SELL_ORDER,000660,2890000,1,,10000000,4,"현재가 2,888,000원 기준"
2026-06-22 14:44:05,BALANCE_CHECK,000660,2888000,0,,10000000,4,주문 후 확인 | 체결 미확인 (지정가 미체결 가능)
2026-06-22 14:44:23,BALANCE_CHECK,005930,353500,0,,10000000,0,주문 전 | 전략=HOLD | 조건 미충족
2026-06-22 14:44:23,HOLD,005930,353500,0,,0,0,조건 미충족
2026-06-22 14:44:23,SELL_SKIP,005930,0,0,,0,0,보유수량 0
2026-06-22 14:44:30,BALANCE_CHECK,005930,353500,0,,10000000,0,주문 후 확인 | 체결 미확인 (지정가 미체결 가능)
2026-06-22 14:44:34,BALANCE_CHECK,000660,2890000,0,,10000000,4,주문 전 | 전략=BUY | 등락률 +4.56% (모멘텀 임계값 +0.3% 이상) + RSI=51.1 (추세 확인 → 매수)
2026-06-22 14:44:35,BUY_ORDER,000660,2888000,1,,10000000,4,"현재가 2,890,000원 | 등락률 +4.56% (모멘텀 임계값 +0.3% 이상) + RSI=51.1 (추세 확인 → 매수)"
2026-06-22 14:44:36,SELL_ORDER,000660,2892000,1,,10000000,4,"현재가 2,890,000원 기준"
2026-06-22 14:44:38,BALANCE_CHECK,005930,353500,0,,10000000,0,주문 전 | 전략=HOLD | 조건 미충족
2026-06-22 14:44:38,HOLD,005930,353500,0,,0,0,조건 미충족
2026-06-22 14:44:38,SELL_SKIP,005930,0,0,,0,0,보유수량 0
2026-06-22 14:44:39,BALANCE_CHECK,000660,2890000,0,,10000000,4,주문 후 확인 | 체결 미확인 (지정가 미체결 가능)
2026-06-22 14:44:46,BALANCE_CHECK,005930,353500,0,,10000000,0,주문 후 확인 | 체결 미확인 (지정가 미체결 가능)
2026-06-22 14:44:52,BALANCE_CHECK,000660,2894000,0,,10000000,4,주문 전 | 전략=BUY | 등락률 +4.70% (모멘텀 임계값 +0.3% 이상) + RSI=57.8 (추세 확인 → 매수)
2026-06-22 14:44:52,BUY_ORDER,000660,2892000,1,,10000000,4,"현재가 2,894,000원 | 등락률 +4.70% (모멘텀 임계값 +0.3% 이상) + RSI=57.8 (추세 확인 → 매수)"
2026-06-22 14:44:55,SELL_ORDER,000660,2896000,1,,10000000,4,"현재가 2,894,000원 기준"
2026-06-22 14:45:03,BALANCE_CHECK,000660,2894000,0,,10000000,4,주문 후 확인 | 체결 미확인 (지정가 미체결 가능)
2026-06-22 14:50:32,BALANCE_CHECK,005930,354000,0,,10000000,0,주문 전 | 전략=HOLD | 조건 미충족
2026-06-22 14:50:32,HOLD,005930,354000,0,,0,0,조건 미충족
2026-06-22 14:50:32,SELL_SKIP,005930,0,0,,0,0,보유수량 0
2026-06-22 14:50:41,BALANCE_CHECK,005930,354000,0,,10000000,0,주문 후 확인 | 체결 미확인 (지정가 미체결 가능)
2026-06-22 14:50:44,BALANCE_CHECK,005930,353500,0,,10000000,0,주문 전 | 전략=HOLD | 조건 미충족
2026-06-22 14:50:44,HOLD,005930,353500,0,,0,0,조건 미충족
2026-06-22 14:50:44,SELL_SKIP,005930,0,0,,0,0,보유수량 0
2026-06-22 14:50:49,BALANCE_CHECK,000660,2889000,0,,10000000,4,주문 전 | 전략=BUY | 등락률 +4.52% (모멘텀 임계값 +0.3% 이상) + RSI=48.9 (추세 확인 → 매수)
2026-06-22 14:50:51,BUY_ORDER,000660,2887000,1,,10000000,4,"현재가 2,889,000원 | 등락률 +4.52% (모멘텀 임계값 +0.3% 이상) + RSI=48.9 (추세 확인 → 매수)"
2026-06-22 14:50:52,BALANCE_CHECK,005930,353500,0,,10000000,0,주문 후 확인 | 체결 미확인 (지정가 미체결 가능)
2026-06-22 14:50:53,SELL_ORDER,000660,2891000,1,,10000000,4,"현재가 2,889,000원 기준"
2026-06-22 14:50:56,BALANCE_CHECK,000660,2888000,0,,10000000,4,주문 전 | 전략=BUY | 등락률 +4.49% (모멘텀 임계값 +0.3% 이상) + RSI=51.0 (추세 확인 → 매수)
2026-06-22 14:51:02,BALANCE_CHECK,000660,2889000,0,,10000000,5,주문 후 확인 | 매수 체결 추정 (4→5주)
2026-06-22 14:51:04,BUY_ORDER,000660,2886000,1,,10000000,4,"현재가 2,888,000원 | 등락률 +4.49% (모멘텀 임계값 +0.3% 이상) + RSI=51.0 (추세 확인 → 매수)"
2026-06-22 14:51:04,SELL_ORDER,000660,2890000,1,0000036603,10000000,4,"현재가 2,888,000원 기준"
2026-06-22 14:51:10,BALANCE_CHECK,000660,2888000,0,,10000000,5,주문 후 확인 | 매수 체결 추정 (4→5주)
2026-06-22 14:51:41,BALANCE_CHECK,005930,352500,0,,10000000,0,주문 전 | 전략=HOLD | 조건 미충족
2026-06-22 14:51:41,HOLD,005930,352500,0,,0,0,조건 미충족
2026-06-22 14:51:41,SELL_SKIP,005930,0,0,,0,0,보유수량 0
2026-06-22 14:51:45,BALANCE_CHECK,005930,352500,0,,10000000,0,주문 후 확인 | 체결 미확인 (지정가 미체결 가능)
2026-06-22 14:51:53,BALANCE_CHECK,000660,2884000,0,,10000000,5,주문 전 | 전략=BUY | 등락률 +4.34% (모멘텀 임계값 +0.3% 이상) + RSI=46.9 (추세 확인 → 매수)
2026-06-22 14:51:53,BUY_ORDER,000660,2882000,1,,10000000,5,"현재가 2,884,000원 | 등락률 +4.34% (모멘텀 임계값 +0.3% 이상) + RSI=46.9 (추세 확인 → 매수)"
2026-06-22 14:51:59,SELL_ORDER,000660,2886000,1,,10000000,5,"현재가 2,884,000원 기준"
2026-06-22 14:52:06,BALANCE_CHECK,000660,2885000,0,,10000000,5,주문 전 | 전략=BUY | 등락률 +4.38% (모멘텀 임계값 +0.3% 이상) + RSI=44.0 (추세 확인 → 매수)
2026-06-22 14:52:11,BUY_ORDER,000660,2883000,1,,10000000,5,"현재가 2,885,000원 | 등락률 +4.38% (모멘텀 임계값 +0.3% 이상) + RSI=44.0 (추세 확인 → 매수)"
2026-06-22 14:52:11,SELL_ORDER,000660,2887000,1,,10000000,5,"현재가 2,885,000원 기준"
2026-06-22 14:52:12,BALANCE_CHECK,000660,2884000,0,,10000000,5,주문 후 확인 | 체결 미확인 (지정가 미체결 가능)
2026-06-22 14:52:15,BALANCE_CHECK,000660,2885000,0,,10000000,5,주문 후 확인 | 체결 미확인 (지정가 미체결 가능)
2026-06-22 14:52:48,BALANCE_CHECK,005930,352750,0,,10000000,0,주문 전 | 전략=HOLD | 조건 미충족
2026-06-22 14:52:48,HOLD,005930,352750,0,,0,0,조건 미충족
2026-06-22 14:52:48,SELL_SKIP,005930,0,0,,0,0,보유수량 0
2026-06-22 14:52:50,BALANCE_CHECK,005930,352500,0,,10000000,0,주문 전 | 전략=HOLD | 조건 미충족
2026-06-22 14:52:50,HOLD,005930,352500,0,,0,0,조건 미충족
2026-06-22 14:52:50,SELL_SKIP,005930,0,0,,0,0,보유수량 0
2026-06-22 14:52:55,BALANCE_CHECK,005930,352750,0,,10000000,0,주문 후 확인 | 체결 미확인 (지정가 미체결 가능)
2026-06-22 14:52:57,BALANCE_CHECK,005930,352500,0,,10000000,0,주문 후 확인 | 체결 미확인 (지정가 미체결 가능)
2026-06-22 14:52:59,BALANCE_CHECK,000660,2883000,0,,10000000,5,주문 전 | 전략=BUY | 등락률 +4.31% (모멘텀 임계값 +0.3% 이상) + RSI=40.0 (추세 확인 → 매수)
2026-06-22 14:53:00,BUY_ORDER,000660,2881000,1,,10000000,5,"현재가 2,883,000원 | 등락률 +4.31% (모멘텀 임계값 +0.3% 이상) + RSI=40.0 (추세 확인 → 매수)"
2026-06-22 14:53:02,SELL_ORDER,000660,2885000,1,,10000000,5,"현재가 2,883,000원 기준"
2026-06-22 14:53:02,BALANCE_CHECK,000660,2883000,0,,10000000,5,주문 전 | 전략=BUY | 등락률 +4.31% (모멘텀 임계값 +0.3% 이상) + RSI=42.3 (추세 확인 → 매수)
2026-06-22 14:53:05,BUY_ORDER,000660,2881000,1,,10000000,5,"현재가 2,883,000원 | 등락률 +4.31% (모멘텀 임계값 +0.3% 이상) + RSI=42.3 (추세 확인 → 매수)"
2026-06-22 14:53:05,SELL_ORDER,000660,2885000,1,,10000000,5,"현재가 2,883,000원 기준"
2026-06-22 14:53:09,BALANCE_CHECK,000660,2883000,0,,10000000,5,주문 후 확인 | 체결 미확인 (지정가 미체결 가능)
2026-06-22 14:53:11,BALANCE_CHECK,000660,2883000,0,,10000000,5,주문 후 확인 | 체결 미확인 (지정가 미체결 가능)
2026-06-22 15:08:15,BALANCE_CHECK,005930,352000,0,,10000000,0,주문 전 | 전략=HOLD | 조건 미충족
2026-06-22 15:08:15,HOLD,005930,352000,0,,0,0,조건 미충족
2026-06-22 15:08:15,SELL_SKIP,005930,0,0,,0,0,보유수량 0
2026-06-22 15:08:17,BALANCE_CHECK,005930,353500,0,,10000000,0,주문 전 | 전략=HOLD | 조건 미충족
2026-06-22 15:08:17,HOLD,005930,353500,0,,0,0,조건 미충족
2026-06-22 15:08:17,SELL_SKIP,005930,0,0,,0,0,보유수량 0
2026-06-22 15:08:26,BALANCE_CHECK,005930,353500,0,,10000000,0,주문 전 | 전략=HOLD | 조건 미충족
2026-06-22 15:08:26,HOLD,005930,353500,0,,0,0,조건 미충족
2026-06-22 15:08:26,SELL_SKIP,005930,0,0,,0,0,보유수량 0
2026-06-22 15:08:26,BALANCE_CHECK,005930,352000,0,,10000000,0,주문 후 확인 | 체결 미확인 (지정가 미체결 가능)
2026-06-22 15:08:27,BALANCE_CHECK,005930,353500,0,,10000000,0,주문 후 확인 | 체결 미확인 (지정가 미체결 가능)
2026-06-22 15:08:29,BALANCE_CHECK,005930,353500,0,,10000000,0,주문 후 확인 | 체결 미확인 (지정가 미체결 가능)
2026-06-22 15:08:30,BALANCE_CHECK,000660,2913000,0,,10000000,0,주문 전 | 전략=HOLD | 조건 미충족
2026-06-22 15:08:30,HOLD,000660,2913000,0,,0,0,조건 미충족
2026-06-22 15:08:30,SELL_SKIP,000660,0,0,,0,0,보유수량 0
2026-06-22 15:20:37,BALANCE_CHECK,000660,2913000,0,,10000000,0,주문 전 | 전략=BUY | 등락률 +5.39% (모멘텀 임계값 +0.3% 이상) + RSI=62.5 (추세 확인 → 매수)
2026-06-22 15:20:37,BUY_ORDER,000660,2911000,1,0000038936,10000000,0,"현재가 2,913,000원 | 등락률 +5.39% (모멘텀 임계값 +0.3% 이상) + RSI=62.5 (추세 확인 → 매수)"
2026-06-22 15:20:37,SELL_SKIP,000660,0,0,,0,0,보유수량 0
2026-06-22 15:20:40,BALANCE_CHECK,000660,2913000,0,,10000000,0,주문 후 확인 | 체결 미확인 (지정가 미체결 가능)
2026-06-22 15:20:41,BALANCE_CHECK,000660,2913000,0,,10000000,0,주문 전 | 전략=BUY | 등락률 +5.39% (모멘텀 임계값 +0.3% 이상) + RSI=58.3 (추세 확인 → 매수)
2026-06-22 15:20:42,BUY_ORDER,000660,2911000,1,0000038952,10000000,0,"현재가 2,913,000원 | 등락률 +5.39% (모멘텀 임계값 +0.3% 이상) + RSI=58.3 (추세 확인 → 매수)"
2026-06-22 15:20:42,SELL_SKIP,000660,0,0,,0,0,보유수량 0
2026-06-22 15:26:19,BALANCE_CHECK,000660,2913000,0,,10000000,0,주문 후 확인 | 체결 미확인 (지정가 미체결 가능)
2026-06-22 15:54:47,SESSION_END,,0,0,,0,0,종료 시각: 15:54:47
2026-06-22 16:07:25,SESSION_END,,0,0,,0,0,종료 시각: 16:07:25
2026-06-22 16:08:11,SESSION_END,,0,0,,0,0,종료 시각: 16:08:11
